JD;Magnitude;Error;Facility;Filter;Owner
2456987.59997;15.5;0.0;Gaia;G_Gaia;Gaia
2457134.32278;15.49;0.0;Gaia;G_Gaia;Gaia
2457161.82049;15.5;0.0;Gaia;G_Gaia;Gaia
2457161.8945;15.47;0.0;Gaia;G_Gaia;Gaia
2457190.3134;15.48;0.0;Gaia;G_Gaia;Gaia
2457235.52034;15.51;0.0;Gaia;G_Gaia;Gaia
2457235.77052;15.5;0.0;Gaia;G_Gaia;Gaia
2457235.84453;15.48;0.0;Gaia;G_Gaia;Gaia
2457236.02069;15.49;0.0;Gaia;G_Gaia;Gaia
2457236.0947;15.48;0.0;Gaia;G_Gaia;Gaia
2457236.27087;15.49;0.0;Gaia;G_Gaia;Gaia
2457236.34487;15.48;0.0;Gaia;G_Gaia;Gaia
2457238.52238;15.48;0.0;Gaia;G_Gaia;Gaia
2457238.5964;15.48;0.0;Gaia;G_Gaia;Gaia
2457238.77256;15.48;0.0;Gaia;G_Gaia;Gaia
2457239.02273;15.49;0.0;Gaia;G_Gaia;Gaia
2457239.09675;15.48;0.0;Gaia;G_Gaia;Gaia
2457239.27291;15.49;0.0;Gaia;G_Gaia;Gaia
2457292.6988;15.49;0.0;Gaia;G_Gaia;Gaia
2457292.94896;15.49;0.0;Gaia;G_Gaia;Gaia
2457293.02296;15.47;0.0;Gaia;G_Gaia;Gaia
2457293.19911;15.48;0.0;Gaia;G_Gaia;Gaia
2457293.27311;15.47;0.0;Gaia;G_Gaia;Gaia
2457293.44927;15.48;0.0;Gaia;G_Gaia;Gaia
2457293.52326;15.47;0.0;Gaia;G_Gaia;Gaia
2457293.77343;15.46;0.0;Gaia;G_Gaia;Gaia
2457295.70061;15.48;0.0;Gaia;G_Gaia;Gaia
2457295.77462;15.47;0.0;Gaia;G_Gaia;Gaia
2457295.95076;15.48;0.0;Gaia;G_Gaia;Gaia
2457296.02477;15.48;0.0;Gaia;G_Gaia;Gaia
2457296.20093;15.49;0.0;Gaia;G_Gaia;Gaia
2457296.45108;15.49;0.0;Gaia;G_Gaia;Gaia
2457366.71301;15.47;0.0;Gaia;G_Gaia;Gaia
2457392.88214;15.49;0.0;Gaia;G_Gaia;Gaia
2457392.95615;15.49;0.0;Gaia;G_Gaia;Gaia
2457510.69635;15.49;0.0;Gaia;G_Gaia;Gaia
2457510.87252;15.49;0.0;Gaia;G_Gaia;Gaia
2458055.8351;15.49;0.0;Gaia;G_Gaia;Gaia
2458091.30119;15.47;0.0;Gaia;G_Gaia;Gaia
2458127.27976;15.46;0.0;Gaia;G_Gaia;Gaia
2458127.35375;15.47;0.0;Gaia;G_Gaia;Gaia
2458143.78525;15.49;0.0;Gaia;G_Gaia;Gaia
2458143.85925;15.48;0.0;Gaia;G_Gaia;Gaia
2458144.03541;15.48;0.0;Gaia;G_Gaia;Gaia
2458144.10941;15.47;0.0;Gaia;G_Gaia;Gaia
2458208.60953;15.47;0.0;Gaia;G_Gaia;Gaia
2458208.78568;15.47;0.0;Gaia;G_Gaia;Gaia
2458208.8597;15.48;0.0;Gaia;G_Gaia;Gaia
2458209.03586;15.47;0.0;Gaia;G_Gaia;Gaia
2458226.04334;15.47;0.0;Gaia;G_Gaia;Gaia
2458226.11736;15.46;0.0;Gaia;G_Gaia;Gaia
2458263.85243;15.47;0.0;Gaia;G_Gaia;Gaia
2458301.25119;15.47;0.0;Gaia;G_Gaia;Gaia
2458301.3252;15.47;0.0;Gaia;G_Gaia;Gaia
2458317.32987;15.46;0.0;Gaia;G_Gaia;Gaia
2458317.50604;15.46;0.0;Gaia;G_Gaia;Gaia
2458415.37475;15.49;0.0;Gaia;G_Gaia;Gaia
2458463.95566;15.09;0.03;MPC164 Maidenhead;R;Adrian Jones
2458467.34836;15.48;0.0;Gaia;G_Gaia;Gaia
2458513.40326;15.49;0.0;Gaia;G_Gaia;Gaia
2458513.65343;15.47;0.0;Gaia;G_Gaia;Gaia
2458513.90359;15.48;0.0;Gaia;G_Gaia;Gaia
2458514.15374;15.48;0.0;Gaia;G_Gaia;Gaia
2458514.3299;15.49;0.0;Gaia;G_Gaia;Gaia
2458514.4039;15.48;0.0;Gaia;G_Gaia;Gaia
2458514.58006;15.49;0.0;Gaia;G_Gaia;Gaia
2458514.65406;15.48;0.0;Gaia;G_Gaia;Gaia
2458514.90421;15.48;0.0;Gaia;G_Gaia;Gaia
2458515.15438;15.47;0.0;Gaia;G_Gaia;Gaia
2458515.40454;15.48;0.0;Gaia;G_Gaia;Gaia
2458515.6547;15.49;0.0;Gaia;G_Gaia;Gaia
2458584.33472;15.46;0.0;Gaia;G_Gaia;Gaia
2458584.40873;15.47;0.0;Gaia;G_Gaia;Gaia
2458640.32712;15.48;0.0;Gaia;G_Gaia;Gaia
2458640.40113;15.47;0.0;Gaia;G_Gaia;Gaia
2458771.48075;15.49;0.0;Gaia;G_Gaia;Gaia
2458771.55476;15.46;0.0;Gaia;G_Gaia;Gaia
2458771.7309;15.48;0.0;Gaia;G_Gaia;Gaia
2458794.75786;15.47;0.0;Gaia;G_Gaia;Gaia
2458794.83186;15.47;0.0;Gaia;G_Gaia;Gaia
2458825.63493;15.5;0.0;Gaia;G_Gaia;Gaia
2458863.9736;15.47;0.0;Gaia;G_Gaia;Gaia
2458864.14975;15.47;0.0;Gaia;G_Gaia;Gaia
2458873.90775;15.5;0.0;Gaia;G_Gaia;Gaia
2458873.98176;15.47;0.0;Gaia;G_Gaia;Gaia
2458994.95306;15.46;0.0;Gaia;G_Gaia;Gaia
2458995.02706;15.47;0.0;Gaia;G_Gaia;Gaia
2459026.00781;15.47;0.0;Gaia;G_Gaia;Gaia
2459026.08182;15.47;0.0;Gaia;G_Gaia;Gaia
2459146.62332;15.47;0.0;Gaia;G_Gaia;Gaia
2459146.69733;15.47;0.0;Gaia;G_Gaia;Gaia
2459166.62138;15.5;0.0;Gaia;G_Gaia;Gaia
2459198.84745;15.47;0.0;Gaia;G_Gaia;Gaia
2459315.83399;15.48;0.0;Gaia;G_Gaia;Gaia
2459315.908;15.47;0.0;Gaia;G_Gaia;Gaia
2459339.58763;15.46;0.0;Gaia;G_Gaia;Gaia
2459339.66163;15.47;0.0;Gaia;G_Gaia;Gaia
2459345.86294;16.091;0.148;ASAS-SN;g/ASAS-SN;ASAS-SN
2459345.86423;16.007;0.132;ASAS-SN;g/ASAS-SN;ASAS-SN
2459345.86551;15.883;0.11;ASAS-SN;g/ASAS-SN;ASAS-SN
2459346.90894;16.068;0.103;ASAS-SN;g/ASAS-SN;ASAS-SN
2459346.91023;15.932;0.105;ASAS-SN;g/ASAS-SN;ASAS-SN
2459346.91151;15.901;0.093;ASAS-SN;g/ASAS-SN;ASAS-SN
2459348.01072;15.99;0.072;ASAS-SN;g/ASAS-SN;ASAS-SN
2459348.01196;16.038;0.077;ASAS-SN;g/ASAS-SN;ASAS-SN
2459348.01322;15.905;0.066;ASAS-SN;g/ASAS-SN;ASAS-SN
2459348.02974;15.99;0.067;ASAS-SN;g/ASAS-SN;ASAS-SN
2459348.03098;16.022;0.071;ASAS-SN;g/ASAS-SN;ASAS-SN
2459348.03221;16.097;0.072;ASAS-SN;g/ASAS-SN;ASAS-SN
2459350.01594;15.986;0.066;ASAS-SN;g/ASAS-SN;ASAS-SN
2459350.01719;15.911;0.058;ASAS-SN;g/ASAS-SN;ASAS-SN
2459350.01841;15.836;0.056;ASAS-SN;g/ASAS-SN;ASAS-SN
2459351.85322;16.107;0.118;ASAS-SN;g/ASAS-SN;ASAS-SN
2459351.85444;15.914;0.103;ASAS-SN;g/ASAS-SN;ASAS-SN
2459351.85566;16.018;0.12;ASAS-SN;g/ASAS-SN;ASAS-SN
2459351.8821;15.67;0.091;ASAS-SN;g/ASAS-SN;ASAS-SN
2459353.08766;15.95;0.057;ASAS-SN;g/ASAS-SN;ASAS-SN
2459353.08892;15.976;0.058;ASAS-SN;g/ASAS-SN;ASAS-SN
2459353.09018;15.885;0.056;ASAS-SN;g/ASAS-SN;ASAS-SN
2459354.0095;15.865;0.064;ASAS-SN;g/ASAS-SN;ASAS-SN
2459354.01075;15.95;0.068;ASAS-SN;g/ASAS-SN;ASAS-SN
2459354.01199;15.814;0.063;ASAS-SN;g/ASAS-SN;ASAS-SN
2459354.99761;15.977;0.066;ASAS-SN;g/ASAS-SN;ASAS-SN
2459354.99885;15.892;0.059;ASAS-SN;g/ASAS-SN;ASAS-SN
2459355.00009;15.909;0.052;ASAS-SN;g/ASAS-SN;ASAS-SN
2459355.86111;15.898;0.109;ASAS-SN;g/ASAS-SN;ASAS-SN
2459355.86233;16.009;0.125;ASAS-SN;g/ASAS-SN;ASAS-SN
2459355.86354;15.851;0.125;ASAS-SN;g/ASAS-SN;ASAS-SN
2459355.86853;15.937;0.122;ASAS-SN;g/ASAS-SN;ASAS-SN
2459355.86976;15.921;0.109;ASAS-SN;g/ASAS-SN;ASAS-SN
2459355.87099;15.873;0.099;ASAS-SN;g/ASAS-SN;ASAS-SN
2459357.87333;15.882;0.081;ASAS-SN;g/ASAS-SN;ASAS-SN
2459357.87456;16.162;0.122;ASAS-SN;g/ASAS-SN;ASAS-SN
2459357.8758;15.901;0.105;ASAS-SN;g/ASAS-SN;ASAS-SN
2459359.92;15.94;0.163;ASAS-SN;g/ASAS-SN;ASAS-SN
2459359.92124;15.571;0.116;ASAS-SN;g/ASAS-SN;ASAS-SN
2459359.92248;15.529;0.122;ASAS-SN;g/ASAS-SN;ASAS-SN
2459360.95979;15.936;0.076;ASAS-SN;g/ASAS-SN;ASAS-SN
2459360.96103;15.794;0.066;ASAS-SN;g/ASAS-SN;ASAS-SN
2459360.96228;15.988;0.077;ASAS-SN;g/ASAS-SN;ASAS-SN
2459361.84693;15.119;99.99;ASAS-SN;g/ASAS-SN;ASAS-SN
2459361.84817;15.479;99.99;ASAS-SN;g/ASAS-SN;ASAS-SN
2459361.84945;15.655;99.99;ASAS-SN;g/ASAS-SN;ASAS-SN
2459361.88862;15.326;99.99;ASAS-SN;g/ASAS-SN;ASAS-SN
2459361.88984;15.121;99.99;ASAS-SN;g/ASAS-SN;ASAS-SN
2459361.89107;15.372;99.99;ASAS-SN;g/ASAS-SN;ASAS-SN
2459363.820544957;15.534;99.99;ASAS-SN;g/ASAS-SN;ASAS-SN
2459363.8217748627;15.499;99.99;ASAS-SN;g/ASAS-SN;ASAS-SN
2459363.8230347666;15.551;99.99;ASAS-SN;g/ASAS-SN;ASAS-SN
2459364.0552570145;15.841;0.114;ASAS-SN;g/ASAS-SN;ASAS-SN
2459364.0564869205;15.853;0.11;ASAS-SN;g/ASAS-SN;ASAS-SN
2459364.0577368247;15.664;0.102;ASAS-SN;g/ASAS-SN;ASAS-SN
2459366.813903893;15.734;0.169;ASAS-SN;g/ASAS-SN;ASAS-SN
2459366.8151237993;15.995;99.99;ASAS-SN;g/ASAS-SN;ASAS-SN
2459366.8163537052;15.705;0.169;ASAS-SN;g/ASAS-SN;ASAS-SN
2459366.8251830298;15.769;0.17;ASAS-SN;g/ASAS-SN;ASAS-SN
2459366.8264129353;15.997;99.99;ASAS-SN;g/ASAS-SN;ASAS-SN
2459366.8276428413;16.003;99.99;ASAS-SN;g/ASAS-SN;ASAS-SN
2459366.9285151367;16.198;0.206;ASAS-SN;g/ASAS-SN;ASAS-SN
2459366.9297950394;15.657;0.136;ASAS-SN;g/ASAS-SN;ASAS-SN
2459366.9310849407;16.368;99.99;ASAS-SN;g/ASAS-SN;ASAS-SN
2459367.93496756;15.777;0.167;ASAS-SN;g/ASAS-SN;ASAS-SN
2459367.9361974667;15.861;0.195;ASAS-SN;g/ASAS-SN;ASAS-SN
2459367.9374173735;15.622;0.162;ASAS-SN;g/ASAS-SN;ASAS-SN
2459369.0374027677;15.924;0.068;ASAS-SN;g/ASAS-SN;ASAS-SN
2459369.0386626716;15.867;0.065;ASAS-SN;g/ASAS-SN;ASAS-SN
2459369.039922575;15.842;0.062;ASAS-SN;g/ASAS-SN;ASAS-SN
2459370.634389862;15.932;0.117;ASAS-SN;g/ASAS-SN;ASAS-SN
2459370.635619767;15.595;0.097;ASAS-SN;g/ASAS-SN;ASAS-SN
2459370.636849672;16.451;0.17;ASAS-SN;g/ASAS-SN;ASAS-SN
2459371.5850770078;15.945;0.122;ASAS-SN;g/ASAS-SN;ASAS-SN
2459371.586356909;16.001;0.127;ASAS-SN;g/ASAS-SN;ASAS-SN
2459371.587926788;15.994;0.13;ASAS-SN;g/ASAS-SN;ASAS-SN
2459371.6142647583;15.823;0.088;ASAS-SN;g/ASAS-SN;ASAS-SN
2459371.615494664;15.853;0.091;ASAS-SN;g/ASAS-SN;ASAS-SN
2459371.616854559;15.85;0.089;ASAS-SN;g/ASAS-SN;ASAS-SN
2459371.82626;15.45;0.0;Gaia;G_Gaia;Gaia
2459371.90028;15.44;0.0;Gaia;G_Gaia;Gaia
2459373.923948508;15.781;0.079;ASAS-SN;g/ASAS-SN;ASAS-SN
2459373.9251684165;15.904;0.094;ASAS-SN;g/ASAS-SN;ASAS-SN
2459373.926378325;15.822;0.089;ASAS-SN;g/ASAS-SN;ASAS-SN
2459374.592387576;16.048;0.123;ASAS-SN;g/ASAS-SN;ASAS-SN
2459374.9526103563;15.952;0.067;ASAS-SN;g/ASAS-SN;ASAS-SN
2459374.9538402637;15.896;0.053;ASAS-SN;g/ASAS-SN;ASAS-SN
2459374.95509017;15.864;0.054;ASAS-SN;g/ASAS-SN;ASAS-SN
2459376.0216894397;15.908;0.069;ASAS-SN;g/ASAS-SN;ASAS-SN
2459376.022929347;15.945;0.071;ASAS-SN;g/ASAS-SN;ASAS-SN
2459376.0241892524;15.891;0.067;ASAS-SN;g/ASAS-SN;ASAS-SN
2459376.8827546;15.86339056155433;0.17937593943450125;Palomar;g_ZTF;ZTF
2459377.0096448762;15.805;0.046;ASAS-SN;g/ASAS-SN;ASAS-SN
2459377.010894783;15.93;0.052;ASAS-SN;g/ASAS-SN;ASAS-SN
2459377.0121546886;15.935;0.05;ASAS-SN;g/ASAS-SN;ASAS-SN
2459377.543474551;99.99;99.99;ASAS-SN;g/ASAS-SN;ASAS-SN
2459377.544734455;99.99;99.99;ASAS-SN;g/ASAS-SN;ASAS-SN
2459377.999030492;15.977;0.069;ASAS-SN;g/ASAS-SN;ASAS-SN
2459378.0002703997;15.752;0.055;ASAS-SN;g/ASAS-SN;ASAS-SN
2459378.001520307;15.908;0.069;ASAS-SN;g/ASAS-SN;ASAS-SN
2459378.006629928;15.837;0.06;ASAS-SN;g/ASAS-SN;ASAS-SN
2459378.0078698355;15.879;0.063;ASAS-SN;g/ASAS-SN;ASAS-SN
2459378.009119743;15.984;0.074;ASAS-SN;g/ASAS-SN;ASAS-SN
2459378.8241785537;15.818;0.078;ASAS-SN;g/ASAS-SN;ASAS-SN
2459378.8254684582;15.984;0.096;ASAS-SN;g/ASAS-SN;ASAS-SN
2459378.8267583624;15.823;0.08;ASAS-SN;g/ASAS-SN;ASAS-SN
2459380.8556274325;99.99;99.99;ASAS-SN;g/ASAS-SN;ASAS-SN
2459380.856867342;99.99;99.99;ASAS-SN;g/ASAS-SN;ASAS-SN
2459380.858107251;14.614;99.99;ASAS-SN;g/ASAS-SN;ASAS-SN
2459380.880945579;16.064;0.112;ASAS-SN;g/ASAS-SN;ASAS-SN
2459380.882185488;15.931;0.1;ASAS-SN;g/ASAS-SN;ASAS-SN
2459380.8834153987;15.921;0.085;ASAS-SN;g/ASAS-SN;ASAS-SN
2459382.7796356604;15.861;0.108;ASAS-SN;g/ASAS-SN;ASAS-SN
2459382.7808755697;15.899;0.12;ASAS-SN;g/ASAS-SN;ASAS-SN
2459382.782095481;15.72;0.102;ASAS-SN;g/ASAS-SN;ASAS-SN
2459383.806090692;15.829;0.111;ASAS-SN;g/ASAS-SN;ASAS-SN
2459383.8073306023;15.758;0.098;ASAS-SN;g/ASAS-SN;ASAS-SN
2459383.808600511;16.258;0.153;ASAS-SN;g/ASAS-SN;ASAS-SN
2459383.8518273956;15.766;0.081;ASAS-SN;g/ASAS-SN;ASAS-SN
2459383.853077305;15.921;0.096;ASAS-SN;g/ASAS-SN;ASAS-SN
2459383.854337215;15.871;0.087;ASAS-SN;g/ASAS-SN;ASAS-SN
2459383.92250231;16.115;0.107;ASAS-SN;g/ASAS-SN;ASAS-SN
2459383.923752221;15.808;0.071;ASAS-SN;g/ASAS-SN;ASAS-SN
2459383.9250221294;15.865;0.073;ASAS-SN;g/ASAS-SN;ASAS-SN
2459384.787369426;15.847;0.15;ASAS-SN;g/ASAS-SN;ASAS-SN
2459384.788649334;15.979;0.158;ASAS-SN;g/ASAS-SN;ASAS-SN
2459384.7899092436;15.972;0.136;ASAS-SN;g/ASAS-SN;ASAS-SN
2459384.8354759775;15.888;0.108;ASAS-SN;g/ASAS-SN;ASAS-SN
2459384.8367258883;15.872;0.095;ASAS-SN;g/ASAS-SN;ASAS-SN
2459384.8379558004;15.827;0.103;ASAS-SN;g/ASAS-SN;ASAS-SN
2459384.861874089;15.902;0.108;ASAS-SN;g/ASAS-SN;ASAS-SN
2459384.863124;15.882;0.105;ASAS-SN;g/ASAS-SN;ASAS-SN
2459384.8643739102;15.795;0.1;ASAS-SN;g/ASAS-SN;ASAS-SN
2459385.827434413;15.959;0.113;ASAS-SN;g/ASAS-SN;ASAS-SN
2459385.8286743253;15.966;0.104;ASAS-SN;g/ASAS-SN;ASAS-SN
2459385.829914237;15.896;0.113;ASAS-SN;g/ASAS-SN;ASAS-SN
2459387.767585787;15.373;99.99;ASAS-SN;g/ASAS-SN;ASAS-SN
2459387.7688157004;15.475;99.99;ASAS-SN;g/ASAS-SN;ASAS-SN
2459387.770065612;15.64;99.99;ASAS-SN;g/ASAS-SN;ASAS-SN
2459387.915295428;15.535;0.115;ASAS-SN;g/ASAS-SN;ASAS-SN
2459387.91655534;15.805;0.131;ASAS-SN;g/ASAS-SN;ASAS-SN
2459387.917825251;15.604;0.112;ASAS-SN;g/ASAS-SN;ASAS-SN
2459388.7884536455;15.497;99.99;ASAS-SN;g/ASAS-SN;ASAS-SN
2459388.7896835594;15.546;99.99;ASAS-SN;g/ASAS-SN;ASAS-SN
2459388.7909234734;15.476;99.99;ASAS-SN;g/ASAS-SN;ASAS-SN
2459388.833680495;15.553;99.99;ASAS-SN;g/ASAS-SN;ASAS-SN
2459388.8349104095;15.701;99.99;ASAS-SN;g/ASAS-SN;ASAS-SN
2459388.836150323;15.575;0.162;ASAS-SN;g/ASAS-SN;ASAS-SN
2459389.8007626515;15.624;99.99;ASAS-SN;g/ASAS-SN;ASAS-SN
2459389.802002566;15.734;99.99;ASAS-SN;g/ASAS-SN;ASAS-SN
2459389.803252479;15.694;99.99;ASAS-SN;g/ASAS-SN;ASAS-SN
2459389.812921811;15.451;99.99;ASAS-SN;g/ASAS-SN;ASAS-SN
2459389.8141817236;15.557;99.99;ASAS-SN;g/ASAS-SN;ASAS-SN
2459389.815421638;15.575;99.99;ASAS-SN;g/ASAS-SN;ASAS-SN
2459389.8473294345;15.533;99.99;ASAS-SN;g/ASAS-SN;ASAS-SN
2459389.84855935;15.592;99.99;ASAS-SN;g/ASAS-SN;ASAS-SN
2459389.849789265;15.428;99.99;ASAS-SN;g/ASAS-SN;ASAS-SN
2459391.8070836146;14.927;99.99;ASAS-SN;g/ASAS-SN;ASAS-SN
2459391.8083135313;14.887;99.99;ASAS-SN;g/ASAS-SN;ASAS-SN
2459391.809553447;14.989;99.99;ASAS-SN;g/ASAS-SN;ASAS-SN
2459391.841241295;15.061;99.99;ASAS-SN;g/ASAS-SN;ASAS-SN
2459391.8424712117;14.908;99.99;ASAS-SN;g/ASAS-SN;ASAS-SN
2459391.843721126;15.004;99.99;ASAS-SN;g/ASAS-SN;ASAS-SN
2459391.9334375;15.79747711509576;0.12523882262169186;Palomar;g_ZTF;ZTF
2459394.7385946857;15.631;0.177;ASAS-SN;g/ASAS-SN;ASAS-SN
2459394.739904599;15.605;0.201;ASAS-SN;g/ASAS-SN;ASAS-SN
2459394.741184514;15.886;99.99;ASAS-SN;g/ASAS-SN;ASAS-SN
2459394.766152858;15.956;99.99;ASAS-SN;g/ASAS-SN;ASAS-SN
2459394.7674427717;15.524;0.121;ASAS-SN;g/ASAS-SN;ASAS-SN
2459394.7687426857;15.756;0.149;ASAS-SN;g/ASAS-SN;ASAS-SN
2459395.813903136;15.062;0.209;ASAS-SN;g/ASAS-SN;ASAS-SN
2459395.815203051;15.577;99.99;ASAS-SN;g/ASAS-SN;ASAS-SN
2459395.8165129656;14.908;99.99;ASAS-SN;g/ASAS-SN;ASAS-SN
2459395.8956134;15.756719100713577;0.1390296941405487;Palomar;g_ZTF;ZTF
2459396.7449017125;15.657;0.134;ASAS-SN;g/ASAS-SN;ASAS-SN
2459396.746211627;15.575;0.119;ASAS-SN;g/ASAS-SN;ASAS-SN
2459396.747521542;15.768;0.14;ASAS-SN;g/ASAS-SN;ASAS-SN
2459396.7611606554;15.621;0.127;ASAS-SN;g/ASAS-SN;ASAS-SN
2459396.762410574;16.027;0.203;ASAS-SN;g/ASAS-SN;ASAS-SN
2459396.7636504937;15.563;0.108;ASAS-SN;g/ASAS-SN;ASAS-SN
2459397.741306673;15.673;0.108;ASAS-SN;g/ASAS-SN;ASAS-SN
2459397.7426165887;15.63;0.11;ASAS-SN;g/ASAS-SN;ASAS-SN
2459397.7439165055;15.644;0.11;ASAS-SN;g/ASAS-SN;ASAS-SN
2459397.8862731;15.196189628561099;0.09103456530680736;Palomar;r_ZTF;ZTF
2459397.9398611;15.717604031765966;0.08708980973668458;Palomar;g_ZTF;ZTF
2459398.771300191;14.926;99.99;ASAS-SN;g/ASAS-SN;ASAS-SN
2459398.7726001083;14.697;99.99;ASAS-SN;g/ASAS-SN;ASAS-SN
2459398.7738900264;14.703;99.99;ASAS-SN;g/ASAS-SN;ASAS-SN
2459399.0519424067;15.689;0.048;ASAS-SN;g/ASAS-SN;ASAS-SN
2459399.0532123265;15.631;0.045;ASAS-SN;g/ASAS-SN;ASAS-SN
2459399.0544822454;15.655;0.046;ASAS-SN;g/ASAS-SN;ASAS-SN
2459400.8939699;15.3184708251107;0.04333309002601382;Palomar;g_ZTF;ZTF
2459401.911372347;14.971;0.031;ASAS-SN;g/ASAS-SN;ASAS-SN
2459401.9126422694;14.933;0.031;ASAS-SN;g/ASAS-SN;ASAS-SN
2459401.9138821936;15.014;0.033;ASAS-SN;g/ASAS-SN;ASAS-SN
2459402.8419792;15.42753141025474;0.055497987841505544;Palomar;g_ZTF;ZTF
2459402.9075231;14.81050312408522;0.03757490733015694;Palomar;r_ZTF;ZTF
2459403.094849783;13.785;0.012;ASAS-SN;g/ASAS-SN;ASAS-SN
2459403.0961097064;13.796;0.012;ASAS-SN;g/ASAS-SN;ASAS-SN
2459403.09736963;13.831;0.013;ASAS-SN;g/ASAS-SN;ASAS-SN
2459404.0207936945;99.99;99.99;ASAS-SN;g/ASAS-SN;ASAS-SN
2459404.022053619;99.99;99.99;ASAS-SN;g/ASAS-SN;ASAS-SN
2459404.8828472;15.623362353061784;0.07393435215733353;Palomar;g_ZTF;ZTF
2459404.934758984;15.648;0.06;ASAS-SN;g/ASAS-SN;ASAS-SN
2459404.9350231;15.092463155955977;0.0520032585212269;Palomar;r_ZTF;ZTF
2459404.935988912;15.695;0.058;ASAS-SN;g/ASAS-SN;ASAS-SN
2459404.93721884;15.566;0.054;ASAS-SN;g/ASAS-SN;ASAS-SN
2459404.9578176304;15.776;0.045;ASAS-SN;g/ASAS-SN;ASAS-SN
2459404.959077556;15.691;0.05;ASAS-SN;g/ASAS-SN;ASAS-SN
2459404.9603374824;15.708;0.048;ASAS-SN;g/ASAS-SN;ASAS-SN
2459406.479847999;15.651;0.1;ASAS-SN;g/ASAS-SN;ASAS-SN
2459406.481097926;15.87;0.114;ASAS-SN;g/ASAS-SN;ASAS-SN
2459406.4823278533;15.485;0.079;ASAS-SN;g/ASAS-SN;ASAS-SN
2459406.8420602;15.118248548013506;0.055278025501276494;Palomar;r_ZTF;ZTF
2459407.7686938467;15.746;0.074;ASAS-SN;g/ASAS-SN;ASAS-SN
2459407.769993773;15.755;0.075;ASAS-SN;g/ASAS-SN;ASAS-SN
2459407.7712837006;15.648;0.075;ASAS-SN;g/ASAS-SN;ASAS-SN
2459408.872037;15.638276752640428;0.07242654245925814;Palomar;g_ZTF;ZTF
2459409.907344106;15.667;0.059;ASAS-SN;g/ASAS-SN;ASAS-SN
2459409.908604038;15.702;0.057;ASAS-SN;g/ASAS-SN;ASAS-SN
2459409.9098539697;15.671;0.05;ASAS-SN;g/ASAS-SN;ASAS-SN
2459410.850112544;15.609;0.049;ASAS-SN;g/ASAS-SN;ASAS-SN
2459410.8513624775;15.702;0.059;ASAS-SN;g/ASAS-SN;ASAS-SN
2459410.8526224107;15.61;0.058;ASAS-SN;g/ASAS-SN;ASAS-SN
2459410.9130324;15.087599555333234;0.0390533301451258;Palomar;r_ZTF;ZTF
2459410.9483681;15.642378224283036;0.05473824255897824;Palomar;g_ZTF;ZTF
2459411.4670691653;15.44;0.063;ASAS-SN;g/ASAS-SN;ASAS-SN
2459411.4683290976;15.759;0.079;ASAS-SN;g/ASAS-SN;ASAS-SN
2459411.4695690298;15.715;0.078;ASAS-SN;g/ASAS-SN;ASAS-SN
2459411.710436146;15.662;0.089;ASAS-SN;g/ASAS-SN;ASAS-SN
2459411.711726078;15.664;0.08;ASAS-SN;g/ASAS-SN;ASAS-SN
2459411.7130360086;15.669;0.087;ASAS-SN;g/ASAS-SN;ASAS-SN
2459412.8949884;15.046571542634986;0.02473838430803466;Palomar;r_ZTF;ZTF
2459412.9512269;15.59642378014759;0.06031966933352597;Palomar;g_ZTF;ZTF
2459413.11385;15.15;0.0;Gaia;G_Gaia;Gaia
2459413.470043643;15.732;0.084;ASAS-SN;g/ASAS-SN;ASAS-SN
2459413.471293578;15.586;0.073;ASAS-SN;g/ASAS-SN;ASAS-SN
2459413.4725435125;15.587;0.074;ASAS-SN;g/ASAS-SN;ASAS-SN
2459413.493102439;15.711;0.106;ASAS-SN;g/ASAS-SN;ASAS-SN
2459413.4943723725;15.612;0.095;ASAS-SN;g/ASAS-SN;ASAS-SN
2459413.4956123084;15.675;0.092;ASAS-SN;g/ASAS-SN;ASAS-SN
2459415.4653323865;99.99;99.99;ASAS-SN;g/ASAS-SN;ASAS-SN
2459415.466762315;13.603;99.99;ASAS-SN;g/ASAS-SN;ASAS-SN
2459415.4896811633;99.99;99.99;ASAS-SN;g/ASAS-SN;ASAS-SN
2459415.4909510994;99.99;99.99;ASAS-SN;g/ASAS-SN;ASAS-SN
2459415.492441025;99.99;99.99;ASAS-SN;g/ASAS-SN;ASAS-SN
2459415.9403588;15.503368687667777;0.0581442714432483;Palomar;g_ZTF;ZTF
2459415.947158728;15.659;0.085;ASAS-SN;g/ASAS-SN;ASAS-SN
2459415.9484086675;15.6;0.086;ASAS-SN;g/ASAS-SN;ASAS-SN
2459415.949668606;15.496;0.074;ASAS-SN;g/ASAS-SN;ASAS-SN
2459416.693982004;15.789;0.216;ASAS-SN;g/ASAS-SN;ASAS-SN
2459416.6952819414;15.466;0.14;ASAS-SN;g/ASAS-SN;ASAS-SN
2459416.696581879;15.702;99.99;ASAS-SN;g/ASAS-SN;ASAS-SN
2459417.7202327456;15.589;99.99;ASAS-SN;g/ASAS-SN;ASAS-SN
2459417.7215226856;15.58;0.196;ASAS-SN;g/ASAS-SN;ASAS-SN
2459417.722812625;15.123;0.126;ASAS-SN;g/ASAS-SN;ASAS-SN
2459418.6812975486;14.805;99.99;ASAS-SN;g/ASAS-SN;ASAS-SN
2459418.682537492;15.039;99.99;ASAS-SN;g/ASAS-SN;ASAS-SN
2459418.796052305;15.418;99.99;ASAS-SN;g/ASAS-SN;ASAS-SN
2459418.797292249;15.282;0.202;ASAS-SN;g/ASAS-SN;ASAS-SN
2459418.7985421913;15.412;99.99;ASAS-SN;g/ASAS-SN;ASAS-SN
2459418.9364236;15.452695035456154;0.04728649956936623;Palomar;g_ZTF;ZTF
2459420.4402873483;15.05;99.99;ASAS-SN;g/ASAS-SN;ASAS-SN
2459420.4415272926;14.917;0.196;ASAS-SN;g/ASAS-SN;ASAS-SN
2459420.4427672364;14.961;99.99;ASAS-SN;g/ASAS-SN;ASAS-SN
2459420.709595374;15.594;99.99;ASAS-SN;g/ASAS-SN;ASAS-SN
2459420.7108853175;15.204;0.154;ASAS-SN;g/ASAS-SN;ASAS-SN
2459420.71219526;15.205;0.15;ASAS-SN;g/ASAS-SN;ASAS-SN
2459422.7591066686;15.541;0.174;ASAS-SN;g/ASAS-SN;ASAS-SN
2459422.760396615;15.379;0.146;ASAS-SN;g/ASAS-SN;ASAS-SN
2459422.7616965617;15.615;0.176;ASAS-SN;g/ASAS-SN;ASAS-SN
2459422.884456;14.768538328675298;0.036826612067708465;Palomar;r_ZTF;ZTF
2459423.3691;14.87;0.0;Gaia;G_Gaia;Gaia
2459423.54525;14.85;0.0;Gaia;G_Gaia;Gaia
2459423.673768461;15.274;0.049;ASAS-SN;g/ASAS-SN;ASAS-SN
2459423.67501841;15.342;0.046;ASAS-SN;g/ASAS-SN;ASAS-SN
2459423.67625836;15.259;0.043;ASAS-SN;g/ASAS-SN;ASAS-SN
2459423.981126072;15.351;0.064;ASAS-SN;g/ASAS-SN;ASAS-SN
2459423.9823960206;15.506;0.078;ASAS-SN;g/ASAS-SN;ASAS-SN
2459423.983655969;15.212;0.061;ASAS-SN;g/ASAS-SN;ASAS-SN
2459424.054673082;15.477;0.082;ASAS-SN;g/ASAS-SN;ASAS-SN
2459424.05594303;15.294;0.072;ASAS-SN;g/ASAS-SN;ASAS-SN
2459424.0572129786;15.42;0.084;ASAS-SN;g/ASAS-SN;ASAS-SN
2459424.8028009;15.217612652282293;0.043830411451107554;Palomar;g_ZTF;ZTF
2459424.8278241;14.699298652970839;0.04877555851145242;Palomar;r_ZTF;ZTF
2459424.851430839;15.319;0.067;ASAS-SN;g/ASAS-SN;ASAS-SN
2459424.852660791;15.317;0.072;ASAS-SN;g/ASAS-SN;ASAS-SN
2459424.853910742;15.291;0.066;ASAS-SN;g/ASAS-SN;ASAS-SN
2459424.904778752;15.302;0.097;ASAS-SN;g/ASAS-SN;ASAS-SN
2459424.9059987045;15.127;0.074;ASAS-SN;g/ASAS-SN;ASAS-SN
2459424.907248655;15.211;0.084;ASAS-SN;g/ASAS-SN;ASAS-SN
2459425.791113777;15.341;0.101;ASAS-SN;g/ASAS-SN;ASAS-SN
2459425.7923637293;15.375;0.099;ASAS-SN;g/ASAS-SN;ASAS-SN
2459425.793583683;15.25;0.101;ASAS-SN;g/ASAS-SN;ASAS-SN
2459426.5298052416;15.369;0.108;ASAS-SN;g/ASAS-SN;ASAS-SN
2459426.531035195;15.167;0.085;ASAS-SN;g/ASAS-SN;ASAS-SN
2459426.5322751477;15.062;0.085;ASAS-SN;g/ASAS-SN;ASAS-SN
2459426.6917491523;15.194;0.055;ASAS-SN;g/ASAS-SN;ASAS-SN
2459426.6930491044;15.211;0.047;ASAS-SN;g/ASAS-SN;ASAS-SN
2459426.6943190573;15.157;0.051;ASAS-SN;g/ASAS-SN;ASAS-SN
2459426.8306134;15.126514208785746;0.04629231616743915;Palomar;g_ZTF;ZTF
2459427.5486770784;15.205;0.119;ASAS-SN;g/ASAS-SN;ASAS-SN
2459427.5506070075;15.161;0.117;ASAS-SN;g/ASAS-SN;ASAS-SN
2459428.8112963;15.000695195690144;0.044345716298830766;Palomar;g_ZTF;ZTF
2459429.0903918575;15.029;0.033;ASAS-SN;g/ASAS-SN;ASAS-SN
2459429.0916618123;15.084;0.036;ASAS-SN;g/ASAS-SN;ASAS-SN
2459429.092921768;15.054;0.033;ASAS-SN;g/ASAS-SN;ASAS-SN
2459430.658918005;15.077;0.055;ASAS-SN;g/ASAS-SN;ASAS-SN
2459430.660167964;14.956;0.052;ASAS-SN;g/ASAS-SN;ASAS-SN
2459430.6614179234;14.866;0.046;ASAS-SN;g/ASAS-SN;ASAS-SN
2459430.8222222;14.893891384563258;0.033109301995688845;Palomar;g_ZTF;ZTF
2459430.843831;14.378028191601382;0.030171804539831946;Palomar;r_ZTF;ZTF
2459430.885470678;14.94;0.025;ASAS-SN;g/ASAS-SN;ASAS-SN
2459430.8867306374;14.986;0.025;ASAS-SN;g/ASAS-SN;ASAS-SN
2459430.887990597;14.949;0.027;ASAS-SN;g/ASAS-SN;ASAS-SN
2459431.788471284;14.88;0.037;ASAS-SN;g/ASAS-SN;ASAS-SN
2459431.789721245;14.899;0.036;ASAS-SN;g/ASAS-SN;ASAS-SN
2459431.7909612064;14.857;0.036;ASAS-SN;g/ASAS-SN;ASAS-SN
2459431.861919002;14.928;0.028;ASAS-SN;g/ASAS-SN;ASAS-SN
2459431.8631789633;14.916;0.029;ASAS-SN;g/ASAS-SN;ASAS-SN
2459431.8644489236;14.876;0.027;ASAS-SN;g/ASAS-SN;ASAS-SN
2459432.707962361;14.755;0.041;ASAS-SN;g/ASAS-SN;ASAS-SN
2459432.7091923244;14.912;0.046;ASAS-SN;g/ASAS-SN;ASAS-SN
2459432.7104222877;14.898;0.047;ASAS-SN;g/ASAS-SN;ASAS-SN
2459432.765070651;14.859;0.049;ASAS-SN;g/ASAS-SN;ASAS-SN
2459432.7663106136;14.831;0.046;ASAS-SN;g/ASAS-SN;ASAS-SN
2459432.767570576;14.948;0.049;ASAS-SN;g/ASAS-SN;ASAS-SN
2459433.4255804913;14.853;0.042;ASAS-SN;g/ASAS-SN;ASAS-SN
2459433.4268304533;14.754;0.038;ASAS-SN;g/ASAS-SN;ASAS-SN
2459433.4280804154;14.856;0.041;ASAS-SN;g/ASAS-SN;ASAS-SN
2459433.6767930333;14.714;0.04;ASAS-SN;g/ASAS-SN;ASAS-SN
2459433.678082996;14.788;0.046;ASAS-SN;g/ASAS-SN;ASAS-SN
2459433.679372958;14.806;0.045;ASAS-SN;g/ASAS-SN;ASAS-SN
2459433.98401419;14.784;0.022;ASAS-SN;g/ASAS-SN;ASAS-SN
2459433.9852941525;14.767;0.022;ASAS-SN;g/ASAS-SN;ASAS-SN
2459433.9865541155;14.804;0.021;ASAS-SN;g/ASAS-SN;ASAS-SN
2459434.441280667;14.8;0.045;ASAS-SN;g/ASAS-SN;ASAS-SN
2459434.442670627;14.802;0.05;ASAS-SN;g/ASAS-SN;ASAS-SN
2459435.8850463;14.644318938679515;0.031524734790626695;Palomar;g_ZTF;ZTF
2459436.739887943;14.603;0.041;ASAS-SN;g/ASAS-SN;ASAS-SN
2459436.741147911;14.605;0.039;ASAS-SN;g/ASAS-SN;ASAS-SN
2459436.7423878806;14.642;0.041;ASAS-SN;g/ASAS-SN;ASAS-SN
2459437.41184026;14.34256362915039;0.07615974604308558;Astrolab-IRIS_SBIG, Franky Dubois;V(APASS);Astrolab-IRIS_SBIG, Franky Dubois
2459437.4130671;15.052217483520508;0.07557348009228797;Astrolab-IRIS_SBIG, Franky Dubois;B(APASS);Astrolab-IRIS_SBIG, Franky Dubois
2459437.41430551;14.143547058105469;0.06529069856172492;Astrolab-IRIS_SBIG, Franky Dubois;r(APASS);Astrolab-IRIS_SBIG, Franky Dubois
2459437.41554397;13.90151596069336;0.06851625115911089;Astrolab-IRIS_SBIG, Franky Dubois;i(APASS);Astrolab-IRIS_SBIG, Franky Dubois
2459437.6620745114;14.665;0.035;ASAS-SN;g/ASAS-SN;ASAS-SN
2459437.66338448;14.624;0.037;ASAS-SN;g/ASAS-SN;ASAS-SN
2459437.664684449;14.612;0.035;ASAS-SN;g/ASAS-SN;ASAS-SN
2459438.03387;14.32;0.01;Slooh Canary Islands;R;Alessandro Odasso
2459438.6283911373;14.48;0.091;ASAS-SN;g/ASAS-SN;ASAS-SN
2459438.6296811076;14.652;99.99;ASAS-SN;g/ASAS-SN;ASAS-SN
2459438.6309710783;14.305;99.99;ASAS-SN;g/ASAS-SN;ASAS-SN
2459438.6644517;13.919589042663574;0.07237609069624631;LCOGT1m, Etienne Bachelet;i(APASS);LCOGT1m, Etienne Bachelet
2459438.8121969732;14.557;0.023;ASAS-SN;g/ASAS-SN;ASAS-SN
2459438.8134669447;14.571;0.022;ASAS-SN;g/ASAS-SN;ASAS-SN
2459438.8147569154;14.686;0.023;ASAS-SN;g/ASAS-SN;ASAS-SN
2459438.8250347;14.22166922808778;0.032959035437340745;Palomar;r_ZTF;ZTF
2459438.8817708;14.598070184552828;0.030372027679485002;Palomar;g_ZTF;ZTF
2459438.966663473;14.561;0.021;ASAS-SN;g/ASAS-SN;ASAS-SN
2459438.967923444;14.627;0.023;ASAS-SN;g/ASAS-SN;ASAS-SN
2459438.9691834147;14.597;0.021;ASAS-SN;g/ASAS-SN;ASAS-SN
2459439.08266;14.38;0.02;Slooh Canary Islands;R;Alessandro Odasso
2459439.3159259;14.141684532165527;0.07242850299895594;ZAO_G2-1600, Charles Galdies;r(APASS);ZAO_G2-1600, Charles Galdies
2459439.32042819;14.106138229370117;0.07590498750924576;ZAO_G2-1600, Charles Galdies;r(APASS);ZAO_G2-1600, Charles Galdies
2459439.32810187;14.125521659851074;0.083132344856119;ZAO_G2-1600, Charles Galdies;r(APASS);ZAO_G2-1600, Charles Galdies
2459439.33233792;14.136117935180664;0.06957544013135414;ZAO_G2-1600, Charles Galdies;r(APASS);ZAO_G2-1600, Charles Galdies
2459439.33655095;14.12115478515625;0.07100563433966567;ZAO_G2-1600, Charles Galdies;r(APASS);ZAO_G2-1600, Charles Galdies
2459439.34078699;14.094829559326172;0.06027738459720005;ZAO_G2-1600, Charles Galdies;r(APASS);ZAO_G2-1600, Charles Galdies
2459439.34502316;14.105510711669922;0.05605313013366784;ZAO_G2-1600, Charles Galdies;r(APASS);ZAO_G2-1600, Charles Galdies
2459439.34923607;14.106921195983887;0.06846661951865356;ZAO_G2-1600, Charles Galdies;r(APASS);ZAO_G2-1600, Charles Galdies
2459439.35344911;14.117969512939453;0.06880546560973541;ZAO_G2-1600, Charles Galdies;r(APASS);ZAO_G2-1600, Charles Galdies
2459439.35766202;14.116495132446289;0.07579032483868463;ZAO_G2-1600, Charles Galdies;r(APASS);ZAO_G2-1600, Charles Galdies
2459439.361875;14.134024620056152;0.06007233684935452;ZAO_G2-1600, Charles Galdies;r(APASS);ZAO_G2-1600, Charles Galdies
2459439.36608797;14.111475944519043;0.07273286304347826;ZAO_G2-1600, Charles Galdies;r(APASS);ZAO_G2-1600, Charles Galdies
2459439.37032408;14.095701217651367;0.07249851412981409;ZAO_G2-1600, Charles Galdies;r(APASS);ZAO_G2-1600, Charles Galdies
2459439.37453705;14.115535736083984;0.0713567157366051;ZAO_G2-1600, Charles Galdies;r(APASS);ZAO_G2-1600, Charles Galdies
2459439.37876159;14.132516860961914;0.0610643539046354;ZAO_G2-1600, Charles Galdies;r(APASS);ZAO_G2-1600, Charles Galdies
2459439.38302082;14.1157808303833;0.05883587792064298;ZAO_G2-1600, Charles Galdies;r(APASS);ZAO_G2-1600, Charles Galdies
2459439.38725692;14.115679740905762;0.07570939921430427;ZAO_G2-1600, Charles Galdies;r(APASS);ZAO_G2-1600, Charles Galdies
2459439.39145833;14.115798950195312;0.07344558535323593;ZAO_G2-1600, Charles Galdies;r(APASS);ZAO_G2-1600, Charles Galdies
2459439.39569443;14.117035865783691;0.06868516350980282;ZAO_G2-1600, Charles Galdies;r(APASS);ZAO_G2-1600, Charles Galdies
2459439.39991897;14.104087829589844;0.05390382695362028;ZAO_G2-1600, Charles Galdies;r(APASS);ZAO_G2-1600, Charles Galdies
2459439.40414351;14.107794761657715;0.07024424709480162;ZAO_G2-1600, Charles Galdies;r(APASS);ZAO_G2-1600, Charles Galdies
2459439.40837961;14.124903678894043;0.06905596516589174;ZAO_G2-1600, Charles Galdies;r(APASS);ZAO_G2-1600, Charles Galdies
2459439.41259259;14.121719360351562;0.0673131410271942;ZAO_G2-1600, Charles Galdies;r(APASS);ZAO_G2-1600, Charles Galdies
2459439.41680557;14.120863914489746;0.06319243122543497;ZAO_G2-1600, Charles Galdies;r(APASS);ZAO_G2-1600, Charles Galdies
2459439.42104167;14.139965057373047;0.0574860265067059;ZAO_G2-1600, Charles Galdies;r(APASS);ZAO_G2-1600, Charles Galdies
2459439.42525464;14.126853942871094;0.06884828822714596;ZAO_G2-1600, Charles Galdies;r(APASS);ZAO_G2-1600, Charles Galdies
2459439.42946762;14.11755657196045;0.05763693686564639;ZAO_G2-1600, Charles Galdies;r(APASS);ZAO_G2-1600, Charles Galdies
2459439.43368053;14.142208099365234;0.0704894453191977;ZAO_G2-1600, Charles Galdies;r(APASS);ZAO_G2-1600, Charles Galdies
2459439.4379167;14.087262153625488;0.07718336435037948;ZAO_G2-1600, Charles Galdies;r(APASS);ZAO_G2-1600, Charles Galdies
2459439.44212961;14.1104154586792;0.06431364481788689;ZAO_G2-1600, Charles Galdies;r(APASS);ZAO_G2-1600, Charles Galdies
2459439.44636577;14.104995727539062;0.06875920716761413;ZAO_G2-1600, Charles Galdies;r(APASS);ZAO_G2-1600, Charles Galdies
2459439.45057869;14.109053611755371;0.06307158357187101;ZAO_G2-1600, Charles Galdies;r(APASS);ZAO_G2-1600, Charles Galdies
2459439.45479172;14.106657028198242;0.07225508259002764;ZAO_G2-1600, Charles Galdies;r(APASS);ZAO_G2-1600, Charles Galdies
2459439.45900464;14.108943939208984;0.06621953429048048;ZAO_G2-1600, Charles Galdies;r(APASS);ZAO_G2-1600, Charles Galdies
2459439.46321756;14.136048316955566;0.05825388706234114;ZAO_G2-1600, Charles Galdies;r(APASS);ZAO_G2-1600, Charles Galdies
2459439.46745372;14.094722747802734;0.056962116327471016;ZAO_G2-1600, Charles Galdies;r(APASS);ZAO_G2-1600, Charles Galdies
2459439.47168976;14.080286979675293;0.06397570221176357;ZAO_G2-1600, Charles Galdies;r(APASS);ZAO_G2-1600, Charles Galdies
2459439.6734283;13.936004638671875;0.03468411109750059;LCOGT1m, Etienne Bachelet;i(SDSS);LCOGT1m, Etienne Bachelet
2459439.6742628;14.648603439331055;0.040119003501284084;LCOGT1m, Etienne Bachelet;g(APASS);LCOGT1m, Etienne Bachelet
2459440.6293465034;14.677;0.08;ASAS-SN;g/ASAS-SN;ASAS-SN
2459440.6306464765;14.796;0.063;ASAS-SN;g/ASAS-SN;ASAS-SN
2459440.63195645;14.635;0.056;ASAS-SN;g/ASAS-SN;ASAS-SN
2459440.6550059803;14.659;0.036;ASAS-SN;g/ASAS-SN;ASAS-SN
2459440.6562959542;14.635;0.035;ASAS-SN;g/ASAS-SN;ASAS-SN
2459440.657575928;14.685;0.036;ASAS-SN;g/ASAS-SN;ASAS-SN
2459440.664633;13.95043659210205;0.032802002821871;LCOGT1m, Etienne Bachelet;i(SDSS);LCOGT1m, Etienne Bachelet
2459440.680971;13.942130088806152;0.04442990822680306;LCOGT1m, Etienne Bachelet;i(SDSS);LCOGT1m, Etienne Bachelet
2459440.6818173;14.632796287536621;0.03608823816657921;LCOGT1m, Etienne Bachelet;g(APASS);LCOGT1m, Etienne Bachelet
2459440.7783218;14.612367813009614;0.03606604604917903;Palomar;g_ZTF;ZTF
2459440.8030671;14.121636574752221;0.035623023491721646;Palomar;r_ZTF;ZTF
2459442.4352385;14.020682334899902;0.035073363174177044;LCOGT1m, Etienne Bachelet;i(SDSS);LCOGT1m, Etienne Bachelet
2459442.4578955;14.024694442749023;0.03545700543813383;LCOGT1m, Etienne Bachelet;i(SDSS);LCOGT1m, Etienne Bachelet
2459442.4587301;14.714587211608887;0.027345162342432543;LCOGT1m, Etienne Bachelet;g(APASS);LCOGT1m, Etienne Bachelet
2459442.8128356;14.681492000960805;0.031439233477988014;Palomar;g_ZTF;ZTF
2459442.8471296;14.172855329210186;0.042661819857367334;Palomar;r_ZTF;ZTF
2459443.11419;14.41;0.02;Slooh Canary Islands;R;Alessandro Odasso
2459443.4098883998;14.044646263122559;0.057136945500520814;LCOGT1m, Etienne Bachelet;i(APASS);LCOGT1m, Etienne Bachelet
2459443.410735;14.757859230041504;0.022683206572352815;LCOGT1m, Etienne Bachelet;g(APASS);LCOGT1m, Etienne Bachelet
2459443.6223991876;14.741;0.069;ASAS-SN;g/ASAS-SN;ASAS-SN
2459443.623709166;14.933;0.088;ASAS-SN;g/ASAS-SN;ASAS-SN
2459443.6250091447;14.781;0.069;ASAS-SN;g/ASAS-SN;ASAS-SN
2459443.650188728;14.711;0.052;ASAS-SN;g/ASAS-SN;ASAS-SN
2459444.048642181;14.802;0.024;ASAS-SN;g/ASAS-SN;ASAS-SN
2459444.0499021597;14.745;0.023;ASAS-SN;g/ASAS-SN;ASAS-SN
2459444.051182138;14.792;0.024;ASAS-SN;g/ASAS-SN;ASAS-SN
2459444.7078212886;14.75;0.077;ASAS-SN;g/ASAS-SN;ASAS-SN
2459444.70906127;14.693;0.072;ASAS-SN;g/ASAS-SN;ASAS-SN
2459444.7103012516;14.882;0.084;ASAS-SN;g/ASAS-SN;ASAS-SN
2459444.7584375;14.269266945221677;0.03075735062083935;Palomar;r_ZTF;ZTF
2459445.0331804;14.142748832702637;0.05259232289134128;LCOGT1m, Etienne Bachelet;i(SDSS);LCOGT1m, Etienne Bachelet
2459446.07888;14.56;0.1;Slooh Canary Islands;R;Alessandro Odasso
2459446.0806746;14.20338249206543;0.037468914702047294;LCOGT1m, Etienne Bachelet;i(SDSS);LCOGT1m, Etienne Bachelet
2459446.0946548;14.208173751831055;0.05226124850442054;LCOGT1m, Etienne Bachelet;i(APASS);LCOGT1m, Etienne Bachelet
2459446.28953701;14.6281156539917;0.0557809563379386;Flarestar-MPC171_G2-1600, Stephen M. Brincat;V(APASS);Flarestar-MPC171_G2-1600, Stephen M. Brincat
2459446.29451388;14.180848121643066;0.06140265227358467;Flarestar-MPC171_G2-1600, Stephen M. Brincat;i(APASS);Flarestar-MPC171_G2-1600, Stephen M. Brincat
2459447.0321280626;14.978;0.069;ASAS-SN;g/ASAS-SN;ASAS-SN
2459447.0333980457;14.986;0.063;ASAS-SN;g/ASAS-SN;ASAS-SN
2459447.034648029;14.902;0.056;ASAS-SN;g/ASAS-SN;ASAS-SN
2459447.6302503766;14.817;0.139;ASAS-SN;g/ASAS-SN;ASAS-SN
2459447.631510362;14.879;0.141;ASAS-SN;g/ASAS-SN;ASAS-SN
2459447.632750348;15.197;0.174;ASAS-SN;g/ASAS-SN;ASAS-SN
2459447.6389685;14.262465476989746;0.017884476281248774;LCOGT1m, Etienne Bachelet;i(APASS);LCOGT1m, Etienne Bachelet
2459447.6398726;14.972110748291016;0.020166459437443635;LCOGT1m, Etienne Bachelet;g(APASS);LCOGT1m, Etienne Bachelet
2459447.7062774;14.253868103027344;0.016936338594239847;LCOGT1m, Etienne Bachelet;i(APASS);LCOGT1m, Etienne Bachelet
2459447.7762037;14.433193728598734;0.03543403937059664;Palomar;r_ZTF;ZTF
2459448.41134262;14.28200912475586;0.09639062393908607;ZAO_G2-1600, Charles Galdies;i(APASS);ZAO_G2-1600, Charles Galdies
2459448.41491896;14.725166320800781;0.08948636585692554;ZAO_G2-1600, Charles Galdies;V(APASS);ZAO_G2-1600, Charles Galdies
2459448.41850692;14.298961639404297;0.09086094867407517;ZAO_G2-1600, Charles Galdies;i(APASS);ZAO_G2-1600, Charles Galdies
2459448.42208332;14.74013614654541;0.07660400151257395;ZAO_G2-1600, Charles Galdies;V(APASS);ZAO_G2-1600, Charles Galdies
2459448.7605776354;15.614;0.219;ASAS-SN;g/ASAS-SN;ASAS-SN
2459448.7618176225;15.45;0.183;ASAS-SN;g/ASAS-SN;ASAS-SN
2459448.763047611;15.444;99.99;ASAS-SN;g/ASAS-SN;ASAS-SN
2459448.99959;14.73;0.06;Slooh Canary Islands;R;Alessandro Odasso
2459449.729794;14.371304512023926;0.0207731268967624;LCOGT1m, Etienne Bachelet;i(APASS);LCOGT1m, Etienne Bachelet
2459449.7306866;15.099562644958496;0.030662312965704968;LCOGT1m, Etienne Bachelet;g(APASS);LCOGT1m, Etienne Bachelet
2459450.45982641;14.818891525268555;0.08396278218031646;Astrolab-IRIS_SBIG, Franky Dubois;V(APASS);Astrolab-IRIS_SBIG, Franky Dubois
2459450.46105319;15.436806678771973;0.13805731406393346;Astrolab-IRIS_SBIG, Franky Dubois;B(APASS);Astrolab-IRIS_SBIG, Franky Dubois
2459450.46226853;14.57807731628418;0.07631252171214876;Astrolab-IRIS_SBIG, Franky Dubois;r(APASS);Astrolab-IRIS_SBIG, Franky Dubois
2459450.46350694;14.383137702941895;0.07453074971625942;Astrolab-IRIS_SBIG, Franky Dubois;i(APASS);Astrolab-IRIS_SBIG, Franky Dubois
2459450.8497106;14.610139334023893;0.03613610066302212;Palomar;r_ZTF;ZTF
2459450.9105093;15.127786369818493;0.0372736881491835;Palomar;g_ZTF;ZTF
2459450.921077786;15.676;99.99;ASAS-SN;g/ASAS-SN;ASAS-SN
2459450.922317776;14.945;0.094;ASAS-SN;g/ASAS-SN;ASAS-SN
2459450.9235577667;15.224;0.146;ASAS-SN;g/ASAS-SN;ASAS-SN
2459451.05161;14.75;0.05;Slooh Canary Islands;R;Alessandro Odasso
2459451.7459916575;15.518;0.112;ASAS-SN;g/ASAS-SN;ASAS-SN
2459451.74722165;15.36;0.098;ASAS-SN;g/ASAS-SN;ASAS-SN
2459451.748441643;15.057;0.078;ASAS-SN;g/ASAS-SN;ASAS-SN
2459451.9812202244;15.069;0.064;ASAS-SN;g/ASAS-SN;ASAS-SN
2459451.982490216;15.156;0.081;ASAS-SN;g/ASAS-SN;ASAS-SN
2459451.983750208;15.29;0.094;ASAS-SN;g/ASAS-SN;ASAS-SN
2459451.99571;14.86;0.06;Slooh Canary Islands;R;Alessandro Odasso
2459452.0901787;14.484158515930176;0.06014088104498291;LCOGT1m, Etienne Bachelet;i(APASS);LCOGT1m, Etienne Bachelet
2459452.6413433;14.51393985748291;0.037667647003609035;LCOGT1m, Etienne Bachelet;i(SDSS);LCOGT1m, Etienne Bachelet
2459452.6422417;15.241781234741211;0.03806763333577616;LCOGT1m, Etienne Bachelet;g(APASS);LCOGT1m, Etienne Bachelet
2459452.6713562;14.525163650512695;0.03125347034059087;LCOGT1m, Etienne Bachelet;i(SDSS);LCOGT1m, Etienne Bachelet
2459452.8565750457;15.206;0.049;ASAS-SN;g/ASAS-SN;ASAS-SN
2459452.85782504;15.352;0.051;ASAS-SN;g/ASAS-SN;ASAS-SN
2459452.8590850336;15.183;0.052;ASAS-SN;g/ASAS-SN;ASAS-SN
2459453.6104113;14.564045906066895;0.0356276886562694;LCOGT1m, Etienne Bachelet;i(SDSS);LCOGT1m, Etienne Bachelet
2459453.6107706;14.560688018798828;0.03489730396668049;LCOGT1m, Etienne Bachelet;i(SDSS);LCOGT1m, Etienne Bachelet
2459453.611327;15.267772674560547;0.028884524976291275;LCOGT1m, Etienne Bachelet;g(APASS);LCOGT1m, Etienne Bachelet
2459453.655641069;15.221;0.105;ASAS-SN;g/ASAS-SN;ASAS-SN
2459453.6568910647;15.325;0.107;ASAS-SN;g/ASAS-SN;ASAS-SN
2459453.6581410603;15.364;0.12;ASAS-SN;g/ASAS-SN;ASAS-SN
2459453.7206829;15.241469642807226;0.04908337570334833;Palomar;g_ZTF;ZTF
2459453.781190652;15.197;0.063;ASAS-SN;g/ASAS-SN;ASAS-SN
2459453.7824106477;15.569;0.078;ASAS-SN;g/ASAS-SN;ASAS-SN
2459453.7836406436;15.29;0.072;ASAS-SN;g/ASAS-SN;ASAS-SN
2459454.6928773955;99.99;99.99;ASAS-SN;g/ASAS-SN;ASAS-SN
2459454.694127393;99.99;99.99;ASAS-SN;g/ASAS-SN;ASAS-SN
2459454.6953873904;99.99;99.99;ASAS-SN;g/ASAS-SN;ASAS-SN
2459454.7698672423;15.142;0.202;ASAS-SN;g/ASAS-SN;ASAS-SN
2459454.77110724;15.148;0.174;ASAS-SN;g/ASAS-SN;ASAS-SN
2459454.7723572375;14.984;99.99;ASAS-SN;g/ASAS-SN;ASAS-SN
2459454.8776;14.64;0.04;Tacande Observatory;r';Paul Leyland
2459454.972436797;15.247;0.059;ASAS-SN;g/ASAS-SN;ASAS-SN
2459454.9736967934;15.218;0.051;ASAS-SN;g/ASAS-SN;ASAS-SN
2459454.97496679;15.324;0.063;ASAS-SN;g/ASAS-SN;ASAS-SN
2459455.04443;14.73;0.06;Slooh Canary Islands;R;Alessandro Odasso
2459455.7415972;15.320155792447938;0.04289242433474406;Palomar;g_ZTF;ZTF
2459455.7581829;14.786253637728166;0.055370547981316055;Palomar;r_ZTF;ZTF
2459455.7614351176;15.514;0.062;ASAS-SN;g/ASAS-SN;ASAS-SN
2459455.762675117;15.539;0.066;ASAS-SN;g/ASAS-SN;ASAS-SN
2459455.7639151155;15.335;0.061;ASAS-SN;g/ASAS-SN;ASAS-SN
2459455.906;14.75;0.04;Tacande Observatory;r';Paul Leyland
2459456.6074404;14.670127868652344;0.03715118787987547;LCOGT1m, Etienne Bachelet;i(SDSS);LCOGT1m, Etienne Bachelet
2459456.6083446;15.377725601196289;0.029176494601061535;LCOGT1m, Etienne Bachelet;g(APASS);LCOGT1m, Etienne Bachelet
2459456.97884;14.81;0.05;Slooh Canary Islands;R;Alessandro Odasso
2459457.6645592;14.717764854431152;0.03743005420659846;LCOGT1m, Etienne Bachelet;i(SDSS);LCOGT1m, Etienne Bachelet
2459457.706144683;15.452;0.071;ASAS-SN;g/ASAS-SN;ASAS-SN
2459457.7073646854;15.327;0.058;ASAS-SN;g/ASAS-SN;ASAS-SN
2459457.7086146884;15.514;0.076;ASAS-SN;g/ASAS-SN;ASAS-SN
2459457.977435165;15.535;0.055;ASAS-SN;g/ASAS-SN;ASAS-SN
2459457.978705167;15.514;0.053;ASAS-SN;g/ASAS-SN;ASAS-SN
2459457.979965168;15.355;0.046;ASAS-SN;g/ASAS-SN;ASAS-SN
2459458.3840456004;14.543;99.99;ASAS-SN;g/ASAS-SN;ASAS-SN
2459458.3852856024;15.485;99.99;ASAS-SN;g/ASAS-SN;ASAS-SN
2459458.386525604;14.974;99.99;ASAS-SN;g/ASAS-SN;ASAS-SN
2459458.6073867;14.710075378417969;0.053500279149934986;LCOGT1m, Etienne Bachelet;i(SDSS);LCOGT1m, Etienne Bachelet
2459458.8521879;14.72242259979248;0.0164968791139077;LCOGT1m, Etienne Bachelet;i(APASS);LCOGT1m, Etienne Bachelet
2459458.8531391;15.461799621582031;0.029004642962505565;LCOGT1m, Etienne Bachelet;g(APASS);LCOGT1m, Etienne Bachelet
2459458.9380171616;15.897;0.113;ASAS-SN;g/ASAS-SN;ASAS-SN
2459458.939227165;15.476;0.078;ASAS-SN;g/ASAS-SN;ASAS-SN
2459458.940467168;15.667;0.091;ASAS-SN;g/ASAS-SN;ASAS-SN
2459458.95098;15.07;0.06;Slooh Canary Islands;R;Roger Dymock
2459458.96498;14.91;0.04;Slooh Canary Islands;R;Alessandro Odasso
2459459.486248577;15.611;0.085;ASAS-SN;g/ASAS-SN;ASAS-SN
2459459.4874985814;15.534;0.073;ASAS-SN;g/ASAS-SN;ASAS-SN
2459459.4887585863;15.364;0.063;ASAS-SN;g/ASAS-SN;ASAS-SN
2459459.668619332;15.65;0.079;ASAS-SN;g/ASAS-SN;ASAS-SN
2459459.669859337;15.648;0.078;ASAS-SN;g/ASAS-SN;ASAS-SN
2459459.671119343;15.723;0.09;ASAS-SN;g/ASAS-SN;ASAS-SN
2459459.96826;15.04;0.07;Slooh Canary Islands;R;Alessandro Odasso
2459459.96828;15.04;0.07;Slooh Canary Islands;R;Alessandro Odasso
2459460.04469;15.05;0.06;Slooh Canary Islands;R;Roger Dymock
2459460.4094882;14.781585693359375;0.03794102140483459;LCOGT1m, Etienne Bachelet;i(SDSS);LCOGT1m, Etienne Bachelet
2459460.4104156;15.501688003540039;0.029347520656967368;LCOGT1m, Etienne Bachelet;g(APASS);LCOGT1m, Etienne Bachelet
2459460.490392702;15.451;0.098;ASAS-SN;g/ASAS-SN;ASAS-SN
2459460.4916427084;15.821;0.125;ASAS-SN;g/ASAS-SN;ASAS-SN
2459460.4928827146;15.547;0.103;ASAS-SN;g/ASAS-SN;ASAS-SN
2459460.701025;14.808064460754395;0.031257762551759535;LCOGT1m, Etienne Bachelet;i(SDSS);LCOGT1m, Etienne Bachelet
2459460.703103883;15.629;0.085;ASAS-SN;g/ASAS-SN;ASAS-SN
2459460.704343891;15.619;0.08;ASAS-SN;g/ASAS-SN;ASAS-SN
2459460.705593898;15.551;0.076;ASAS-SN;g/ASAS-SN;ASAS-SN
2459460.8336446546;15.565;0.079;ASAS-SN;g/ASAS-SN;ASAS-SN
2459460.8348846626;15.742;0.1;ASAS-SN;g/ASAS-SN;ASAS-SN
2459460.83613467;15.595;0.084;ASAS-SN;g/ASAS-SN;ASAS-SN
2459461.06552;14.98;0.06;Slooh Canary Islands;R;Roger Dymock
2459461.5901995;14.809347152709961;0.034500447972886;LCOGT1m, Etienne Bachelet;i(SDSS);LCOGT1m, Etienne Bachelet
2459461.5910688;15.540183067321777;0.029375457190961005;LCOGT1m, Etienne Bachelet;g(APASS);LCOGT1m, Etienne Bachelet
2459461.8054756;14.822822570800781;0.030316399200163425;LCOGT1m, Etienne Bachelet;i(SDSS);LCOGT1m, Etienne Bachelet
2459461.8063101;15.546479225158691;0.030818546008562903;LCOGT1m, Etienne Bachelet;g(APASS);LCOGT1m, Etienne Bachelet
2459461.8155042;14.820657730102539;0.03144878929425374;LCOGT1m, Etienne Bachelet;i(SDSS);LCOGT1m, Etienne Bachelet
2459461.855336;14.795753479003906;0.019064161886675528;LCOGT1m, Etienne Bachelet;i(APASS);LCOGT1m, Etienne Bachelet
2459461.857492;14.823798179626465;0.031720281878925886;LCOGT1m, Etienne Bachelet;i(SDSS);LCOGT1m, Etienne Bachelet
2459461.8583383;15.54581069946289;0.030828316019196337;LCOGT1m, Etienne Bachelet;g(APASS);LCOGT1m, Etienne Bachelet
2459461.8612709;14.807254791259766;0.0319896023248149;LCOGT1m, Etienne Bachelet;i(SDSS);LCOGT1m, Etienne Bachelet
2459461.9098751;14.795534133911133;0.02099950322366959;LCOGT1m, Etienne Bachelet;i(APASS);LCOGT1m, Etienne Bachelet
2459461.9123563;14.821696281433105;0.039748582235885;LCOGT1m, Etienne Bachelet;i(SDSS);LCOGT1m, Etienne Bachelet
2459461.913192;15.549701690673828;0.03185081081479989;LCOGT1m, Etienne Bachelet;g(APASS);LCOGT1m, Etienne Bachelet
2459462.04438;15.08;0.06;Slooh Canary Islands;R;Roger Dymock
2459462.3594088;14.836228370666504;0.03449982168801058;LCOGT1m, Etienne Bachelet;i(SDSS);LCOGT1m, Etienne Bachelet
2459462.3850622;14.827601432800293;0.03359480968620878;LCOGT1m, Etienne Bachelet;i(SDSS);LCOGT1m, Etienne Bachelet
2459462.3858969;15.552260398864746;0.0288656014092523;LCOGT1m, Etienne Bachelet;g(APASS);LCOGT1m, Etienne Bachelet
2459462.5859141;14.810056686401367;0.018373893990746834;LCOGT1m, Etienne Bachelet;i(APASS);LCOGT1m, Etienne Bachelet
2459462.5867257;14.826129913330078;0.01895121324425192;LCOGT1m, Etienne Bachelet;i(APASS);LCOGT1m, Etienne Bachelet
2459462.5867373;15.576268196105957;0.03802533408126211;LCOGT1m, Etienne Bachelet;g(APASS);LCOGT1m, Etienne Bachelet
2459462.6002207;14.831870079040527;0.018674905630619684;LCOGT1m, Etienne Bachelet;i(APASS);LCOGT1m, Etienne Bachelet
2459462.6010554;15.556106567382812;0.022907940530941986;LCOGT1m, Etienne Bachelet;g(APASS);LCOGT1m, Etienne Bachelet
2459462.6253361;14.827522277832031;0.02068541397964787;LCOGT1m, Etienne Bachelet;i(APASS);LCOGT1m, Etienne Bachelet
2459462.6644367;14.828289985656738;0.01717488065072178;LCOGT1m, Etienne Bachelet;i(APASS);LCOGT1m, Etienne Bachelet
2459462.6728774;14.837645530700684;0.03230890248289965;LCOGT1m, Etienne Bachelet;i(SDSS);LCOGT1m, Etienne Bachelet
2459462.6737005;15.555755615234375;0.022909869815731704;LCOGT1m, Etienne Bachelet;g(APASS);LCOGT1m, Etienne Bachelet
2459462.688056524;15.676;0.082;ASAS-SN;g/ASAS-SN;ASAS-SN
2459462.6892865347;15.47;0.072;ASAS-SN;g/ASAS-SN;ASAS-SN
2459462.6893928;14.828930854797363;0.03935340190425022;LCOGT1m, Etienne Bachelet;i(SDSS);LCOGT1m, Etienne Bachelet
2459462.6902506;15.558127403259277;0.022624799306112844;LCOGT1m, Etienne Bachelet;g(APASS);LCOGT1m, Etienne Bachelet
2459462.6905565453;15.524;0.08;ASAS-SN;g/ASAS-SN;ASAS-SN
2459462.7067183;14.819490432739258;0.02174822997898666;LCOGT1m, Etienne Bachelet;i(APASS);LCOGT1m, Etienne Bachelet
2459462.713615;14.852020263671875;0.043152278878348806;LCOGT1m, Etienne Bachelet;i(SDSS);LCOGT1m, Etienne Bachelet
2459462.7225168;14.818385124206543;0.018877205711663587;LCOGT1m, Etienne Bachelet;i(APASS);LCOGT1m, Etienne Bachelet
2459462.7233516;15.573559761047363;0.031136406269512987;LCOGT1m, Etienne Bachelet;g(APASS);LCOGT1m, Etienne Bachelet
2459462.7500242;14.824719429016113;0.02142736155830413;LCOGT1m, Etienne Bachelet;i(APASS);LCOGT1m, Etienne Bachelet
2459462.762323;14.822232246398926;0.020773172753203544;LCOGT1m, Etienne Bachelet;i(APASS);LCOGT1m, Etienne Bachelet
2459462.7631575;15.569889068603516;0.0316700406773775;LCOGT1m, Etienne Bachelet;g(APASS);LCOGT1m, Etienne Bachelet
2459462.7658814;14.839935302734375;0.03187112729878455;LCOGT1m, Etienne Bachelet;i(SDSS);LCOGT1m, Etienne Bachelet
2459462.7718394;14.842916488647461;0.030970176186219008;LCOGT1m, Etienne Bachelet;i(SDSS);LCOGT1m, Etienne Bachelet
2459462.8039522;14.833710670471191;0.02078875567322082;LCOGT1m, Etienne Bachelet;i(APASS);LCOGT1m, Etienne Bachelet
2459462.8047868;15.574302673339844;0.03003655360017852;LCOGT1m, Etienne Bachelet;g(APASS);LCOGT1m, Etienne Bachelet
2459462.8229989;14.835138320922852;0.030782573156765285;LCOGT1m, Etienne Bachelet;i(SDSS);LCOGT1m, Etienne Bachelet
2459462.8494738;14.83410358428955;0.01713384521512786;LCOGT1m, Etienne Bachelet;i(APASS);LCOGT1m, Etienne Bachelet
2459462.8503086;15.575092315673828;0.030584500544233072;LCOGT1m, Etienne Bachelet;g(APASS);LCOGT1m, Etienne Bachelet
2459462.855177;14.848771095275879;0.03213540905469678;LCOGT1m, Etienne Bachelet;i(SDSS);LCOGT1m, Etienne Bachelet
2459462.866827;14.820279121398926;0.018625699041414177;LCOGT1m, Etienne Bachelet;i(APASS);LCOGT1m, Etienne Bachelet
2459462.8676501;15.575421333312988;0.02866420083133466;LCOGT1m, Etienne Bachelet;g(APASS);LCOGT1m, Etienne Bachelet
2459462.897013;14.823018074035645;0.02108001325187106;LCOGT1m, Etienne Bachelet;i(APASS);LCOGT1m, Etienne Bachelet
2459462.9122434;14.844608306884766;0.03455647476747407;LCOGT1m, Etienne Bachelet;i(SDSS);LCOGT1m, Etienne Bachelet
2459462.9130663;15.57292366027832;0.028279280278879267;LCOGT1m, Etienne Bachelet;g(APASS);LCOGT1m, Etienne Bachelet
2459463.069773;14.868341445922852;0.04848439533558504;LCOGT1m, Etienne Bachelet;i(SDSS);LCOGT1m, Etienne Bachelet
2459463.0706192;15.581099510192871;0.029940112085008488;LCOGT1m, Etienne Bachelet;g(APASS);LCOGT1m, Etienne Bachelet
2459463.5866743;14.83253288269043;0.01543932795175403;LCOGT1m, Etienne Bachelet;i(APASS);LCOGT1m, Etienne Bachelet
2459463.5875089;15.572920799255371;0.021495183541683074;LCOGT1m, Etienne Bachelet;g(APASS);LCOGT1m, Etienne Bachelet
2459463.5881299;14.86016845703125;0.031053514906025176;LCOGT1m, Etienne Bachelet;i(SDSS);LCOGT1m, Etienne Bachelet
2459463.6215064;14.83055305480957;0.01868146257755528;LCOGT1m, Etienne Bachelet;i(APASS);LCOGT1m, Etienne Bachelet
2459463.6454842;14.84942626953125;0.03438371045097862;LCOGT1m, Etienne Bachelet;i(SDSS);LCOGT1m, Etienne Bachelet
2459463.6463188;15.580044746398926;0.021868875005178937;LCOGT1m, Etienne Bachelet;g(APASS);LCOGT1m, Etienne Bachelet
2459463.6715621;14.85608196258545;0.03935435081024429;LCOGT1m, Etienne Bachelet;i(SDSS);LCOGT1m, Etienne Bachelet
2459463.6734287;14.829416275024414;0.020234673385317488;LCOGT1m, Etienne Bachelet;i(APASS);LCOGT1m, Etienne Bachelet
2459463.6742632;15.582380294799805;0.021343590907827007;LCOGT1m, Etienne Bachelet;g(APASS);LCOGT1m, Etienne Bachelet
2459463.6890941;14.832698822021484;0.020124734506538417;LCOGT1m, Etienne Bachelet;i(APASS);LCOGT1m, Etienne Bachelet
2459463.6911575;14.845488548278809;0.014606408102900348;LCOGT1m, Etienne Bachelet;i(APASS);LCOGT1m, Etienne Bachelet
2459463.6920045;15.600848197937012;0.0395660543985174;LCOGT1m, Etienne Bachelet;g(APASS);LCOGT1m, Etienne Bachelet
2459463.7182407;15.57317125838746;0.05569702235709928;Palomar;g_ZTF;ZTF
2459463.7575463;15.022541058195406;0.038852172487706844;Palomar;r_ZTF;ZTF
2459463.780166;14.859624862670898;0.03412941485636828;LCOGT1m, Etienne Bachelet;i(SDSS);LCOGT1m, Etienne Bachelet
2459463.7810006;15.597432136535645;0.030064845013197027;LCOGT1m, Etienne Bachelet;g(APASS);LCOGT1m, Etienne Bachelet
2459463.7828327;14.865755081176758;0.03193576445459233;LCOGT1m, Etienne Bachelet;i(SDSS);LCOGT1m, Etienne Bachelet
2459463.8045482;14.852250099182129;0.03382679026996702;LCOGT1m, Etienne Bachelet;i(SDSS);LCOGT1m, Etienne Bachelet
2459463.8053827;15.596878051757812;0.02934586159803889;LCOGT1m, Etienne Bachelet;g(APASS);LCOGT1m, Etienne Bachelet
2459463.8087660726;15.39;0.058;ASAS-SN;g/ASAS-SN;ASAS-SN
2459463.809996085;15.499;0.064;ASAS-SN;g/ASAS-SN;ASAS-SN
2459463.811246097;15.693;0.072;ASAS-SN;g/ASAS-SN;ASAS-SN
2459463.8136362;14.837821006774902;0.01666929572494913;LCOGT1m, Etienne Bachelet;i(APASS);LCOGT1m, Etienne Bachelet
2459464.791225717;15.504;0.051;ASAS-SN;g/ASAS-SN;ASAS-SN
2459464.7924557305;15.591;0.058;ASAS-SN;g/ASAS-SN;ASAS-SN
2459464.7937057447;15.752;0.056;ASAS-SN;g/ASAS-SN;ASAS-SN
2459464.8106633;14.882913589477539;0.03266384996438773;LCOGT1m, Etienne Bachelet;i(SDSS);LCOGT1m, Etienne Bachelet
2459464.941757365;15.596;0.042;ASAS-SN;g/ASAS-SN;ASAS-SN
2459464.9430273785;15.6;0.045;ASAS-SN;g/ASAS-SN;ASAS-SN
2459464.9442873923;15.602;0.046;ASAS-SN;g/ASAS-SN;ASAS-SN
2459464.9494174467;15.584;0.042;ASAS-SN;g/ASAS-SN;ASAS-SN
2459464.9506674595;15.571;0.045;ASAS-SN;g/ASAS-SN;ASAS-SN
2459464.951937473;15.644;0.049;ASAS-SN;g/ASAS-SN;ASAS-SN
2459465.6976573;14.896238327026367;0.03065612813126608;LCOGT1m, Etienne Bachelet;i(SDSS);LCOGT1m, Etienne Bachelet
2459465.6984919;15.631165504455566;0.02917824770164572;LCOGT1m, Etienne Bachelet;g(APASS);LCOGT1m, Etienne Bachelet
2459465.7279560654;15.782;0.062;ASAS-SN;g/ASAS-SN;ASAS-SN
2459465.729196081;15.636;0.052;ASAS-SN;g/ASAS-SN;ASAS-SN
2459465.7304360964;15.679;0.061;ASAS-SN;g/ASAS-SN;ASAS-SN
2459465.746126;14.893959045410156;0.03027553212828797;LCOGT1m, Etienne Bachelet;i(SDSS);LCOGT1m, Etienne Bachelet
2459465.7469553;15.626691818237305;0.029302346317941905;LCOGT1m, Etienne Bachelet;g(APASS);LCOGT1m, Etienne Bachelet
2459465.8103819;15.613792808976147;0.05429393970412614;Palomar;g_ZTF;ZTF
2459465.89399;15.11;0.03;MPC164 Maidenhead;R;Adrian Jones
2459465.9642689712;15.692;0.049;ASAS-SN;g/ASAS-SN;ASAS-SN
2459465.9655389865;15.635;0.045;ASAS-SN;g/ASAS-SN;ASAS-SN
2459465.9668090013;15.476;0.041;ASAS-SN;g/ASAS-SN;ASAS-SN
2459465.9758523;14.905293464660645;0.034153569864671406;LCOGT1m, Etienne Bachelet;i(SDSS);LCOGT1m, Etienne Bachelet
2459465.9814857002;14.897054672241211;0.03234577003562647;LCOGT1m, Etienne Bachelet;i(SDSS);LCOGT1m, Etienne Bachelet
2459465.9824956;15.639199256896973;0.029554770255569893;LCOGT1m, Etienne Bachelet;g(APASS);LCOGT1m, Etienne Bachelet
2459465.9954724;14.903485298156738;0.03190910378639651;LCOGT1m, Etienne Bachelet;i(SDSS);LCOGT1m, Etienne Bachelet
2459466.0309597002;14.917994499206543;0.03117743729308428;LCOGT1m, Etienne Bachelet;i(SDSS);LCOGT1m, Etienne Bachelet
2459466.0317835;15.649347305297852;0.03720140142395626;LCOGT1m, Etienne Bachelet;g(APASS);LCOGT1m, Etienne Bachelet
2459466.0345567;14.91471004486084;0.033582658190733555;LCOGT1m, Etienne Bachelet;i(SDSS);LCOGT1m, Etienne Bachelet
2459466.0445389;14.909858703613281;0.0351294691686436;LCOGT1m, Etienne Bachelet;i(SDSS);LCOGT1m, Etienne Bachelet
2459466.0453743;15.648666381835938;0.035948206689950725;LCOGT1m, Etienne Bachelet;g(APASS);LCOGT1m, Etienne Bachelet
2459466.04828;15.12;0.07;Slooh Canary Islands;R;Roger Dymock
2459466.0634585;14.91380786895752;0.03277663327958398;LCOGT1m, Etienne Bachelet;i(SDSS);LCOGT1m, Etienne Bachelet
2459466.347112;14.885309219360352;0.018969545314834094;LCOGT1m, Etienne Bachelet;i(APASS);LCOGT1m, Etienne Bachelet
2459466.3499868;14.918286323547363;0.05061495556463759;LCOGT1m, Etienne Bachelet;i(SDSS);LCOGT1m, Etienne Bachelet
2459466.3508213;15.644695281982422;0.04544677428064506;LCOGT1m, Etienne Bachelet;g(APASS);LCOGT1m, Etienne Bachelet
2459466.3549378;14.905531883239746;0.037886987378104295;LCOGT1m, Etienne Bachelet;i(SDSS);LCOGT1m, Etienne Bachelet
2459466.3611395;14.889870643615723;0.020341807200357453;LCOGT1m, Etienne Bachelet;i(APASS);LCOGT1m, Etienne Bachelet
2459466.3619625;15.648359298706055;0.02251866758036503;LCOGT1m, Etienne Bachelet;g(APASS);LCOGT1m, Etienne Bachelet
2459466.374363751;15.522;0.063;ASAS-SN;g/ASAS-SN;ASAS-SN
2459466.3756037666;15.783;0.085;ASAS-SN;g/ASAS-SN;ASAS-SN
2459466.376843782;15.783;0.081;ASAS-SN;g/ASAS-SN;ASAS-SN
2459466.3987455;14.906854629516602;0.04950802108957585;LCOGT1m, Etienne Bachelet;i(SDSS);LCOGT1m, Etienne Bachelet
2459466.5760503;14.920989990234375;0.034428746815417535;LCOGT1m, Etienne Bachelet;i(SDSS);LCOGT1m, Etienne Bachelet
2459466.5781368;14.91647720336914;0.029139101228910294;LCOGT1m, Etienne Bachelet;i(SDSS);LCOGT1m, Etienne Bachelet
2459466.5789598;15.655614852905273;0.03666054874846639;LCOGT1m, Etienne Bachelet;g(APASS);LCOGT1m, Etienne Bachelet
2459466.6050845;14.908947944641113;0.02983340214188968;LCOGT1m, Etienne Bachelet;i(SDSS);LCOGT1m, Etienne Bachelet
2459466.628983;14.925185203552246;0.040021834838509324;LCOGT1m, Etienne Bachelet;i(SDSS);LCOGT1m, Etienne Bachelet
2459466.6298176;15.66488265991211;0.041925304294974174;LCOGT1m, Etienne Bachelet;g(APASS);LCOGT1m, Etienne Bachelet
2459466.6711933;14.926322937011719;0.035872902346921635;LCOGT1m, Etienne Bachelet;i(SDSS);LCOGT1m, Etienne Bachelet
2459466.6720285;15.661421775817871;0.04084583992427256;LCOGT1m, Etienne Bachelet;g(APASS);LCOGT1m, Etienne Bachelet
2459466.7093957;14.917677879333496;0.028855516664188133;LCOGT1m, Etienne Bachelet;i(SDSS);LCOGT1m, Etienne Bachelet
2459466.8036294915;15.606;0.07;ASAS-SN;g/ASAS-SN;ASAS-SN
2459466.804879509;15.56;0.07;ASAS-SN;g/ASAS-SN;ASAS-SN
2459466.806129526;15.617;0.066;ASAS-SN;g/ASAS-SN;ASAS-SN
2459466.956271554;15.708;0.046;ASAS-SN;g/ASAS-SN;ASAS-SN
2459466.95753157;15.724;0.053;ASAS-SN;g/ASAS-SN;ASAS-SN
2459466.958801587;15.583;0.046;ASAS-SN;g/ASAS-SN;ASAS-SN
2459467.01316;15.14;0.06;Slooh Canary Islands;R;Alessandro Odasso
2459467.0476;15.21;0.07;Slooh Canary Islands;R;Roger Dymock
2459467.393897246;15.398;0.096;ASAS-SN;g/ASAS-SN;ASAS-SN
2459467.3951472635;15.673;0.117;ASAS-SN;g/ASAS-SN;ASAS-SN
2459467.3963972805;15.767;0.122;ASAS-SN;g/ASAS-SN;ASAS-SN
2459467.6949884;15.649470053953262;0.06424272100248901;Palomar;g_ZTF;ZTF
2459467.7480324;15.100035159896914;0.048508939529940696;Palomar;r_ZTF;ZTF
2459467.816993489;15.744;0.084;ASAS-SN;g/ASAS-SN;ASAS-SN
2459467.818233507;15.813;0.079;ASAS-SN;g/ASAS-SN;ASAS-SN
2459467.819473526;15.739;0.082;ASAS-SN;g/ASAS-SN;ASAS-SN
2459468.00946;15.14;0.05;Slooh Canary Islands;R;Alessandro Odasso
2459469.04479;15.3;0.07;Slooh Canary Islands;R;Roger Dymock
2459469.42267817;15.732;0.17;ASAS-SN;g/ASAS-SN;ASAS-SN
2459469.430058292;15.997;0.196;ASAS-SN;g/ASAS-SN;ASAS-SN
2459469.6985185;15.130114911030647;0.06267753125283686;Palomar;r_ZTF;ZTF
2459469.7807144094;15.698;0.047;ASAS-SN;g/ASAS-SN;ASAS-SN
2459469.781974432;15.7;0.05;ASAS-SN;g/ASAS-SN;ASAS-SN
2459469.7832444543;15.825;0.051;ASAS-SN;g/ASAS-SN;ASAS-SN
2459471.6694288235;15.484;0.088;ASAS-SN;g/ASAS-SN;ASAS-SN
2459471.67071885;15.85;0.124;ASAS-SN;g/ASAS-SN;ASAS-SN
2459471.672018876;15.755;0.122;ASAS-SN;g/ASAS-SN;ASAS-SN
2459471.7012494714;16.067;0.177;ASAS-SN;g/ASAS-SN;ASAS-SN
2459471.702549498;16.019;0.164;ASAS-SN;g/ASAS-SN;ASAS-SN
2459471.7038395246;15.975;0.154;ASAS-SN;g/ASAS-SN;ASAS-SN
2459471.7805556;15.706178684220193;0.07276509285907208;Palomar;g_ZTF;ZTF
2459472.5206557717;15.944;0.215;ASAS-SN;g/ASAS-SN;ASAS-SN
2459472.5219657994;15.926;0.2;ASAS-SN;g/ASAS-SN;ASAS-SN
2459472.523265827;15.765;0.177;ASAS-SN;g/ASAS-SN;ASAS-SN
2459472.8207622315;15.687;0.063;ASAS-SN;g/ASAS-SN;ASAS-SN
2459472.822022259;15.771;0.069;ASAS-SN;g/ASAS-SN;ASAS-SN
2459472.8232622854;15.791;0.073;ASAS-SN;g/ASAS-SN;ASAS-SN
2459472.8359225565;15.793;0.074;ASAS-SN;g/ASAS-SN;ASAS-SN
2459472.8371625827;15.71;0.066;ASAS-SN;g/ASAS-SN;ASAS-SN
2459472.83841261;15.795;0.07;ASAS-SN;g/ASAS-SN;ASAS-SN
2459472.88532361;15.666;0.073;ASAS-SN;g/ASAS-SN;ASAS-SN
2459472.8865636364;15.782;0.08;ASAS-SN;g/ASAS-SN;ASAS-SN
2459472.8878036626;15.95;0.094;ASAS-SN;g/ASAS-SN;ASAS-SN
2459473.7987733455;15.51;0.112;ASAS-SN;g/ASAS-SN;ASAS-SN
2459473.8000033735;99.99;99.99;ASAS-SN;g/ASAS-SN;ASAS-SN
2459473.8012634027;99.99;99.99;ASAS-SN;g/ASAS-SN;ASAS-SN
2459473.8025334314;99.99;99.99;ASAS-SN;g/ASAS-SN;ASAS-SN
2459473.80377346;99.99;99.99;ASAS-SN;g/ASAS-SN;ASAS-SN
2459473.805013488;14.888;99.99;ASAS-SN;g/ASAS-SN;ASAS-SN
2459473.8479344635;15.742;0.08;ASAS-SN;g/ASAS-SN;ASAS-SN
2459473.849164491;15.68;0.071;ASAS-SN;g/ASAS-SN;ASAS-SN
2459473.850404519;15.79;0.087;ASAS-SN;g/ASAS-SN;ASAS-SN
2459473.86654;15.25;0.03;MPC164 Maidenhead;R;Adrian Jones
2459473.8737616;15.733152058087985;0.07556904574947056;Palomar;g_ZTF;ZTF
2459473.8747150684;15.883;0.08;ASAS-SN;g/ASAS-SN;ASAS-SN
2459473.8759850967;15.751;0.074;ASAS-SN;g/ASAS-SN;ASAS-SN
2459473.8772151247;15.627;0.063;ASAS-SN;g/ASAS-SN;ASAS-SN
2459473.91071;15.25;0.03;MPC164 Maidenhead;R;Adrian Jones
2459473.9316551;15.185762161303964;0.05549818583782152;Palomar;r_ZTF;ZTF
2459474.93086;15.27;0.03;MPC164 Maidenhead;R;Adrian Jones
2459475.661986867;15.556;0.119;ASAS-SN;g/ASAS-SN;ASAS-SN
2459475.663216898;15.722;0.166;ASAS-SN;g/ASAS-SN;ASAS-SN
2459475.6644469295;15.908;0.174;ASAS-SN;g/ASAS-SN;ASAS-SN
2459476.08626;15.17;0.07;Slooh Canary Islands;R;Alessandro Odasso
2459476.2926225234;14.638;0.189;ASAS-SN;g/ASAS-SN;ASAS-SN
2459476.2938625542;14.884;99.99;ASAS-SN;g/ASAS-SN;ASAS-SN
2459476.295092585;14.943;99.99;ASAS-SN;g/ASAS-SN;ASAS-SN
2459476.339273687;15.018;99.99;ASAS-SN;g/ASAS-SN;ASAS-SN
2459476.340593721;15.113;99.99;ASAS-SN;g/ASAS-SN;ASAS-SN
2459476.342043757;15.079;99.99;ASAS-SN;g/ASAS-SN;ASAS-SN
2459476.8088542;15.213651890281277;0.06788325254795076;Palomar;r_ZTF;ZTF
2459477.09976;15.47;0.1;Slooh Canary Islands;R;Alessandro Odasso
2459477.91226;15.24;0.07;Slooh Canary Islands;R;Alessandro Odasso
2459478.3714179923;14.916;99.99;ASAS-SN;g/ASAS-SN;ASAS-SN
2459478.372658027;14.929;99.99;ASAS-SN;g/ASAS-SN;ASAS-SN
2459478.373898062;14.865;99.99;ASAS-SN;g/ASAS-SN;ASAS-SN
2459478.7147222;15.229262029016187;0.05621136838870104;Palomar;r_ZTF;ZTF
2459478.8095718;15.758350768410345;0.08987523955661872;Palomar;g_ZTF;ZTF
2459478.89837;15.41;0.1;Slooh Canary Islands;R;Alessandro Odasso
2459479.339075678;15.657;99.99;ASAS-SN;g/ASAS-SN;ASAS-SN
2459479.3403157135;15.465;99.99;ASAS-SN;g/ASAS-SN;ASAS-SN
2459479.3415557495;15.383;99.99;ASAS-SN;g/ASAS-SN;ASAS-SN
2459479.3543361193;15.478;99.99;ASAS-SN;g/ASAS-SN;ASAS-SN
2459479.3555761557;15.455;0.181;ASAS-SN;g/ASAS-SN;ASAS-SN
2459479.3568161917;15.421;99.99;ASAS-SN;g/ASAS-SN;ASAS-SN
2459479.86031;15.3;0.03;MPC164 Maidenhead;R;Adrian Jones
2459479.8949;15.64;0.1;Slooh Canary Islands;R;Alessandro Odasso
2459479.9067;15.31;0.03;MPC164 Maidenhead;R;Adrian Jones
2459480.7152546;15.24283127397032;0.11754235460070891;Palomar;r_ZTF;ZTF
2459480.8078601556;15.507;0.102;ASAS-SN;g/ASAS-SN;ASAS-SN
2459480.8091201955;15.924;0.148;ASAS-SN;g/ASAS-SN;ASAS-SN
2459480.8103802353;15.568;0.087;ASAS-SN;g/ASAS-SN;ASAS-SN
2459480.810706;15.784043860479835;0.10989174191566187;Palomar;g_ZTF;ZTF
2459480.854031605;15.701;0.157;ASAS-SN;g/ASAS-SN;ASAS-SN
2459480.855271644;16.003;99.99;ASAS-SN;g/ASAS-SN;ASAS-SN
2459480.856491682;15.562;0.126;ASAS-SN;g/ASAS-SN;ASAS-SN
2459480.9094;15.33;0.08;Slooh Canary Islands;R;Alessandro Odasso
2459481.7258191016;14.577;99.99;ASAS-SN;g/ASAS-SN;ASAS-SN
2459481.7270691423;14.199;99.99;ASAS-SN;g/ASAS-SN;ASAS-SN
2459481.728299183;13.959;99.99;ASAS-SN;g/ASAS-SN;ASAS-SN
2459481.88855;15.41;0.08;Slooh Canary Islands;R;Roger Dymock
2459481.89475;15.32;0.08;Slooh Canary Islands;R;Alessandro Odasso
2459482.87461;15.3;0.07;Slooh Canary Islands;R;Roger Dymock
2459482.88792;15.47;0.06;Slooh Canary Islands;R;Alessandro Odasso
2459482.8967276528;16.094;0.157;ASAS-SN;g/ASAS-SN;ASAS-SN
2459482.9388490617;15.813;0.088;ASAS-SN;g/ASAS-SN;ASAS-SN
2459482.940119104;15.929;0.106;ASAS-SN;g/ASAS-SN;ASAS-SN
2459482.941399147;15.775;0.091;ASAS-SN;g/ASAS-SN;ASAS-SN
2459483.87804;15.25;0.07;Slooh Canary Islands;R;Roger Dymock
2459483.88435;15.35;0.06;Slooh Canary Islands;R;Alessandro Odasso
2459485.28412038;15.528593063354492;0.06744248792132326;Astrolab-IRIS_SBIG;V(APASS);Astrolab-IRIS_SBIG
2459485.28534722;16.229324340820312;0.09059016355332083;Astrolab-IRIS_SBIG;B(APASS);Astrolab-IRIS_SBIG
2459485.28657407;15.301362991333008;0.06849861735377291;Astrolab-IRIS_SBIG;r(APASS);Astrolab-IRIS_SBIG
2459485.28780097;15.025979995727539;0.08143830720318407;Astrolab-IRIS_SBIG;i(APASS);Astrolab-IRIS_SBIG
2459485.84169;15.35;0.02;MPC164 Maidenhead;R;Adrian Jones
2459485.88637;15.35;0.03;MPC164 Maidenhead;R;Adrian Jones
2459485.907954246;15.802;0.064;ASAS-SN;g/ASAS-SN;ASAS-SN
2459485.909214292;15.886;0.07;ASAS-SN;g/ASAS-SN;ASAS-SN
2459485.9104643385;15.854;0.074;ASAS-SN;g/ASAS-SN;ASAS-SN
2459485.96125;15.28;0.06;Slooh Canary Islands;R;Alessandro Odasso
2459486.8071481707;15.733;0.118;ASAS-SN;g/ASAS-SN;ASAS-SN
2459486.8083882187;15.776;0.125;ASAS-SN;g/ASAS-SN;ASAS-SN
2459486.809638267;15.661;0.144;ASAS-SN;g/ASAS-SN;ASAS-SN
2459487.823117673;15.959;0.128;ASAS-SN;g/ASAS-SN;ASAS-SN
2459487.8243677225;16.307;0.19;ASAS-SN;g/ASAS-SN;ASAS-SN
2459487.825607772;15.862;0.115;ASAS-SN;g/ASAS-SN;ASAS-SN
2459487.86661;15.36;0.03;MPC164 Maidenhead;R;Adrian Jones
2459487.90525;15.35;0.03;MPC164 Maidenhead;R;Adrian Jones
2459487.9509;15.61;0.07;Slooh Canary Islands;R;Alessandro Odasso
2459488.89502;15.39;0.14;Slooh Canary Islands;R;Alessandro Odasso
2459489.382650388;15.85;0.132;ASAS-SN;g/ASAS-SN;ASAS-SN
2459489.383950441;16.009;0.104;ASAS-SN;g/ASAS-SN;ASAS-SN
2459489.3851904925;15.922;0.129;ASAS-SN;g/ASAS-SN;ASAS-SN
2459489.5272964337;15.878;0.107;ASAS-SN;g/ASAS-SN;ASAS-SN
2459489.5285264854;15.994;0.128;ASAS-SN;g/ASAS-SN;ASAS-SN
2459489.5297665377;15.973;0.123;ASAS-SN;g/ASAS-SN;ASAS-SN
2459489.88797;15.57;0.08;Slooh Canary Islands;R;Alessandro Odasso
2459490.255886921;15.988;0.118;ASAS-SN;g/ASAS-SN;ASAS-SN
2459490.257126973;15.917;0.131;ASAS-SN;g/ASAS-SN;ASAS-SN
2459490.258367025;16.015;0.134;ASAS-SN;g/ASAS-SN;ASAS-SN
2459490.308559127;15.829;0.092;ASAS-SN;g/ASAS-SN;ASAS-SN
2459490.3097991794;15.811;0.089;ASAS-SN;g/ASAS-SN;ASAS-SN
2459490.3110392317;16.011;0.105;ASAS-SN;g/ASAS-SN;ASAS-SN
2459491.0199;15.57;0.07;Slooh Canary Islands;R;Alessandro Odasso
2459491.91316;15.39;0.02;MPC164 Maidenhead;R;Adrian Jones
2459491.95955;15.38;0.02;MPC164 Maidenhead;R;Adrian Jones
2459492.2947355225;16.113;0.144;ASAS-SN;g/ASAS-SN;ASAS-SN
2459492.2959855776;15.974;0.121;ASAS-SN;g/ASAS-SN;ASAS-SN
2459492.297215632;15.864;0.096;ASAS-SN;g/ASAS-SN;ASAS-SN
2459492.3100061994;16.003;0.089;ASAS-SN;g/ASAS-SN;ASAS-SN
2459492.3112362535;15.945;0.1;ASAS-SN;g/ASAS-SN;ASAS-SN
2459492.312466308;16.071;0.104;ASAS-SN;g/ASAS-SN;ASAS-SN
2459493.7513519414;16.036;0.096;ASAS-SN;g/ASAS-SN;ASAS-SN
2459493.7525919997;15.832;0.083;ASAS-SN;g/ASAS-SN;ASAS-SN
2459493.7538320576;15.796;0.08;ASAS-SN;g/ASAS-SN;ASAS-SN
2459493.770192823;15.883;0.077;ASAS-SN;g/ASAS-SN;ASAS-SN
2459493.771432881;15.766;0.063;ASAS-SN;g/ASAS-SN;ASAS-SN
2459493.7726729386;15.786;0.065;ASAS-SN;g/ASAS-SN;ASAS-SN
2459494.7928407285;15.813;0.091;ASAS-SN;g/ASAS-SN;ASAS-SN
2459494.794080788;15.842;0.089;ASAS-SN;g/ASAS-SN;ASAS-SN
2459494.795320847;15.866;0.087;ASAS-SN;g/ASAS-SN;ASAS-SN
2459494.8116916274;15.86;0.077;ASAS-SN;g/ASAS-SN;ASAS-SN
2459494.812921686;15.911;0.076;ASAS-SN;g/ASAS-SN;ASAS-SN
2459494.814171746;15.77;0.068;ASAS-SN;g/ASAS-SN;ASAS-SN
2459495.788688467;16.146;0.122;ASAS-SN;g/ASAS-SN;ASAS-SN
2459495.7899285275;15.875;0.105;ASAS-SN;g/ASAS-SN;ASAS-SN
2459495.7911685877;15.97;0.11;ASAS-SN;g/ASAS-SN;ASAS-SN
2459495.8036791985;15.723;0.075;ASAS-SN;g/ASAS-SN;ASAS-SN
2459495.804919259;16.003;0.078;ASAS-SN;g/ASAS-SN;ASAS-SN
2459495.806149319;16.007;0.079;ASAS-SN;g/ASAS-SN;ASAS-SN
2459496.3889674996;16.004;0.141;ASAS-SN;g/ASAS-SN;ASAS-SN
2459496.3902075607;15.963;0.139;ASAS-SN;g/ASAS-SN;ASAS-SN
2459496.3915376263;15.869;0.124;ASAS-SN;g/ASAS-SN;ASAS-SN
2459496.4118586304;16.04;0.111;ASAS-SN;g/ASAS-SN;ASAS-SN
2459496.413118692;16.075;0.123;ASAS-SN;g/ASAS-SN;ASAS-SN
2459496.4143587537;15.684;0.089;ASAS-SN;g/ASAS-SN;ASAS-SN
2459497.3553154613;15.979;0.14;ASAS-SN;g/ASAS-SN;ASAS-SN
2459497.3565655234;15.964;0.135;ASAS-SN;g/ASAS-SN;ASAS-SN
2459497.3577955854;15.747;0.098;ASAS-SN;g/ASAS-SN;ASAS-SN
2459499.385799437;15.767;0.206;ASAS-SN;g/ASAS-SN;ASAS-SN
2459499.3870595032;15.833;99.99;ASAS-SN;g/ASAS-SN;ASAS-SN
2459499.3883095686;15.891;99.99;ASAS-SN;g/ASAS-SN;ASAS-SN
2459499.798331345;15.847;0.089;ASAS-SN;g/ASAS-SN;ASAS-SN
2459499.799581411;15.958;0.098;ASAS-SN;g/ASAS-SN;ASAS-SN
2459499.8008214766;16.069;0.1;ASAS-SN;g/ASAS-SN;ASAS-SN
2459500.283756772;99.99;99.99;ASAS-SN;g/ASAS-SN;ASAS-SN
2459500.285006838;99.99;99.99;ASAS-SN;g/ASAS-SN;ASAS-SN
2459500.286276905;99.99;99.99;ASAS-SN;g/ASAS-SN;ASAS-SN
2459500.28638887;15.6220121383667;0.04020443099736785;HAO68_G2-1600, Przemek Mikolajczyk;V(APASS);HAO68_G2-1600, Przemek Mikolajczyk
2459500.2923727;15.390412330627441;0.04377233552545208;HAO68_G2-1600, Przemek Mikolajczyk;r(APASS);HAO68_G2-1600, Przemek Mikolajczyk
2459501.5447546947;16.002;0.208;ASAS-SN;g/ASAS-SN;ASAS-SN
2459501.5459947633;15.908;0.177;ASAS-SN;g/ASAS-SN;ASAS-SN
2459501.547234832;16.02;99.99;ASAS-SN;g/ASAS-SN;ASAS-SN
2459501.734095163;16.142;0.111;ASAS-SN;g/ASAS-SN;ASAS-SN
2459501.735345232;15.91;0.1;ASAS-SN;g/ASAS-SN;ASAS-SN
2459501.736615302;16.231;0.116;ASAS-SN;g/ASAS-SN;ASAS-SN
2459503.6269401903;16.149;0.127;ASAS-SN;g/ASAS-SN;ASAS-SN
2459503.6281802612;15.977;0.13;ASAS-SN;g/ASAS-SN;ASAS-SN
2459503.629420332;15.718;0.107;ASAS-SN;g/ASAS-SN;ASAS-SN
2459503.634380616;15.774;0.115;ASAS-SN;g/ASAS-SN;ASAS-SN
2459503.6356206876;15.874;0.124;ASAS-SN;g/ASAS-SN;ASAS-SN
2459503.63689076;16.075;0.152;ASAS-SN;g/ASAS-SN;ASAS-SN
2459504.6244269544;15.438;99.99;ASAS-SN;g/ASAS-SN;ASAS-SN
2459504.62573703;15.582;99.99;ASAS-SN;g/ASAS-SN;ASAS-SN
2459504.6270271055;15.645;99.99;ASAS-SN;g/ASAS-SN;ASAS-SN
2459505.29395837;15.396622657775879;0.060549272363255274;HAO68_G2-1600, Przemek Mikolajczyk;r(APASS);HAO68_G2-1600, Przemek Mikolajczyk
2459505.5213187034;15.657;99.99;ASAS-SN;g/ASAS-SN;ASAS-SN
2459505.52260878;15.481;99.99;ASAS-SN;g/ASAS-SN;ASAS-SN
2459505.523908856;15.622;99.99;ASAS-SN;g/ASAS-SN;ASAS-SN
2459506.3423767164;15.063;99.99;ASAS-SN;g/ASAS-SN;ASAS-SN
2459506.343616789;15.163;99.99;ASAS-SN;g/ASAS-SN;ASAS-SN
2459506.344866863;15.103;99.99;ASAS-SN;g/ASAS-SN;ASAS-SN
2459507.2880928814;15.094;99.99;ASAS-SN;g/ASAS-SN;ASAS-SN
2459507.2893329556;15.153;99.99;ASAS-SN;g/ASAS-SN;ASAS-SN
2459507.290563029;15.119;99.99;ASAS-SN;g/ASAS-SN;ASAS-SN
2459508.78787385;15.765;0.104;ASAS-SN;g/ASAS-SN;ASAS-SN
2459508.7891539284;15.966;0.144;ASAS-SN;g/ASAS-SN;ASAS-SN
2459508.7903940044;15.631;0.108;ASAS-SN;g/ASAS-SN;ASAS-SN
2459508.853537865;16.193;0.205;ASAS-SN;g/ASAS-SN;ASAS-SN
2459508.854777941;15.974;0.172;ASAS-SN;g/ASAS-SN;ASAS-SN
2459508.8560580187;16.014;0.187;ASAS-SN;g/ASAS-SN;ASAS-SN
2459509.5681716804;15.759;0.204;ASAS-SN;g/ASAS-SN;ASAS-SN
2459509.569411758;15.678;0.201;ASAS-SN;g/ASAS-SN;ASAS-SN
2459509.5706518358;15.722;99.99;ASAS-SN;g/ASAS-SN;ASAS-SN
2459509.8141070427;16.293;99.99;ASAS-SN;g/ASAS-SN;ASAS-SN
2459509.8153671212;16.027;0.207;ASAS-SN;g/ASAS-SN;ASAS-SN
2459509.8166271993;15.901;0.164;ASAS-SN;g/ASAS-SN;ASAS-SN
2459510.77517703;16.03;99.99;ASAS-SN;g/ASAS-SN;ASAS-SN
2459510.7764371093;16.051;0.201;ASAS-SN;g/ASAS-SN;ASAS-SN
2459510.7777071893;15.977;0.212;ASAS-SN;g/ASAS-SN;ASAS-SN
2459511.7047757646;16.02;0.137;ASAS-SN;g/ASAS-SN;ASAS-SN
2459511.706005844;15.87;0.129;ASAS-SN;g/ASAS-SN;ASAS-SN
2459511.707245923;15.898;0.102;ASAS-SN;g/ASAS-SN;ASAS-SN
2459511.742898207;16.122;0.16;ASAS-SN;g/ASAS-SN;ASAS-SN
2459511.7441582875;16.074;0.168;ASAS-SN;g/ASAS-SN;ASAS-SN
2459511.745408368;15.852;0.132;ASAS-SN;g/ASAS-SN;ASAS-SN
2459511.761759413;15.976;0.163;ASAS-SN;g/ASAS-SN;ASAS-SN
2459511.762999492;15.955;0.171;ASAS-SN;g/ASAS-SN;ASAS-SN
2459511.764249572;16.334;99.99;ASAS-SN;g/ASAS-SN;ASAS-SN
2459513.310868702;16.013;0.114;ASAS-SN;g/ASAS-SN;ASAS-SN
2459513.3121187827;15.918;0.092;ASAS-SN;g/ASAS-SN;ASAS-SN
2459513.3133588634;15.906;0.091;ASAS-SN;g/ASAS-SN;ASAS-SN
2459513.3185492004;16.141;0.134;ASAS-SN;g/ASAS-SN;ASAS-SN
2459513.3197792806;15.809;0.115;ASAS-SN;g/ASAS-SN;ASAS-SN
2459513.321029362;15.865;0.11;ASAS-SN;g/ASAS-SN;ASAS-SN
2459514.32461804;15.402034759521484;0.065660686198436;HAO68_G2-1600, Przemek Mikolajczyk;r(APASS);HAO68_G2-1600, Przemek Mikolajczyk
2459514.3500165595;15.847;0.118;ASAS-SN;g/ASAS-SN;ASAS-SN
2459514.351256641;15.986;0.129;ASAS-SN;g/ASAS-SN;ASAS-SN
2459514.352496723;15.852;0.12;ASAS-SN;g/ASAS-SN;ASAS-SN
2459514.812587302;15.901;0.056;ASAS-SN;g/ASAS-SN;ASAS-SN
2459514.813847386;15.854;0.051;ASAS-SN;g/ASAS-SN;ASAS-SN
2459514.815117469;15.999;0.061;ASAS-SN;g/ASAS-SN;ASAS-SN
2459516.27224541;15.589272499084473;0.07868154334154713;Astrolab-IRIS_SBIG;V(APASS);Astrolab-IRIS_SBIG
2459516.27347225;16.338214874267578;0.07457406650065322;Astrolab-IRIS_SBIG;B(APASS);Astrolab-IRIS_SBIG
2459516.27469903;15.390954971313477;0.07214136057551511;Astrolab-IRIS_SBIG;r(APASS);Astrolab-IRIS_SBIG
2459516.2759375;15.115476608276367;0.07493496230281352;Astrolab-IRIS_SBIG;i(APASS);Astrolab-IRIS_SBIG
2459516.34088069;15.617462158203125;0.04609613423774617;Loiano, Alessia Garofalo;V(APASS);Loiano, Alessia Garofalo
2459516.3441751;15.652379035949707;0.03904148073681021;Loiano, Alessia Garofalo;V(APASS);Loiano, Alessia Garofalo
2459516.3452802;15.402427673339844;0.08168065859855407;Loiano, Alessia Garofalo;r(APASS);Loiano, Alessia Garofalo
2459516.3463852;15.122332572937012;0.08419870755550063;Loiano, Alessia Garofalo;i(APASS);Loiano, Alessia Garofalo
2459516.34969563;15.612911224365234;0.04296812326690792;Loiano, Alessia Garofalo;V(APASS);Loiano, Alessia Garofalo
2459516.35079866;15.402253150939941;0.09179191927675519;Loiano, Alessia Garofalo;r(APASS);Loiano, Alessia Garofalo
2459516.35190204;15.105050086975098;0.08766061639445545;Loiano, Alessia Garofalo;i(APASS);Loiano, Alessia Garofalo
2459516.35303556;15.620858192443848;0.04040414208563581;Loiano, Alessia Garofalo;V(APASS);Loiano, Alessia Garofalo
2459516.35413985;15.39462661743164;0.09036976575905431;Loiano, Alessia Garofalo;r(APASS);Loiano, Alessia Garofalo
2459516.35524497;15.1187162399292;0.09083125018839226;Loiano, Alessia Garofalo;i(APASS);Loiano, Alessia Garofalo
2459516.773578283;15.945;0.072;ASAS-SN;g/ASAS-SN;ASAS-SN
2459516.7748383684;15.927;0.091;ASAS-SN;g/ASAS-SN;ASAS-SN
2459516.776088453;15.793;0.112;ASAS-SN;g/ASAS-SN;ASAS-SN
2459516.8159711463;15.756;0.044;ASAS-SN;g/ASAS-SN;ASAS-SN
2459516.8172312323;15.834;0.053;ASAS-SN;g/ASAS-SN;ASAS-SN
2459516.8185013174;15.945;0.059;ASAS-SN;g/ASAS-SN;ASAS-SN
2459517.5541210775;15.86;0.113;ASAS-SN;g/ASAS-SN;ASAS-SN
2459517.5554111665;16.071;0.136;ASAS-SN;g/ASAS-SN;ASAS-SN
2459517.5567012555;15.897;0.105;ASAS-SN;g/ASAS-SN;ASAS-SN
2459517.5739924475;16.088;0.127;ASAS-SN;g/ASAS-SN;ASAS-SN
2459517.5753025375;16.121;0.111;ASAS-SN;g/ASAS-SN;ASAS-SN
2459517.5765926265;15.94;0.099;ASAS-SN;g/ASAS-SN;ASAS-SN
2459521.40931708;15.663016319274902;0.051162074042015025;Flarestar-MPC171_G2-1600, Stephen M. Brincat;V(APASS);Flarestar-MPC171_G2-1600, Stephen M. Brincat
2459521.76395389;15.935;0.061;ASAS-SN;g/ASAS-SN;ASAS-SN
2459521.76521398;15.953;0.059;ASAS-SN;g/ASAS-SN;ASAS-SN
2459521.7664740696;15.825;0.058;ASAS-SN;g/ASAS-SN;ASAS-SN
2459521.7910158103;15.992;0.061;ASAS-SN;g/ASAS-SN;ASAS-SN
2459521.7922859;16.027;0.061;ASAS-SN;g/ASAS-SN;ASAS-SN
2459521.79355599;15.882;0.058;ASAS-SN;g/ASAS-SN;ASAS-SN
2459521.91705;15.48;0.0;Gaia;G_Gaia;Gaia
2459521.99104;15.45;0.0;Gaia;G_Gaia;Gaia
2459522.36831021;15.887541770935059;0.0881019213656192;HAO68_G2-1600, Przemek Mikolajczyk;g(APASS);HAO68_G2-1600, Przemek Mikolajczyk
2459522.37959486;15.663491249084473;0.04067727671865519;HAO68_G2-1600, Przemek Mikolajczyk;V(APASS);HAO68_G2-1600, Przemek Mikolajczyk
2459522.38178235;15.399492263793945;0.054382964503329745;HAO68_G2-1600, Przemek Mikolajczyk;r(APASS);HAO68_G2-1600, Przemek Mikolajczyk
2459522.38543981;15.146515846252441;0.06780345876322907;HAO68_G2-1600, Przemek Mikolajczyk;i(APASS);HAO68_G2-1600, Przemek Mikolajczyk
2459523.26094045;16.073;0.14;ASAS-SN;g/ASAS-SN;ASAS-SN
2459523.262170538;15.755;0.099;ASAS-SN;g/ASAS-SN;ASAS-SN
2459523.263420628;16.106;0.122;ASAS-SN;g/ASAS-SN;ASAS-SN
2459523.610915825;15.879;0.089;ASAS-SN;g/ASAS-SN;ASAS-SN
2459523.6121559152;16.04;0.098;ASAS-SN;g/ASAS-SN;ASAS-SN
2459523.6133960052;16.078;0.103;ASAS-SN;g/ASAS-SN;ASAS-SN
2459523.66792997;15.914;0.089;ASAS-SN;g/ASAS-SN;ASAS-SN
2459523.6691800607;15.93;0.093;ASAS-SN;g/ASAS-SN;ASAS-SN
2459523.670400149;16.197;0.09;ASAS-SN;g/ASAS-SN;ASAS-SN
2459524.6556714172;15.878;0.07;ASAS-SN;g/ASAS-SN;ASAS-SN
2459524.6569215087;15.943;0.069;ASAS-SN;g/ASAS-SN;ASAS-SN
2459524.658151599;15.988;0.074;ASAS-SN;g/ASAS-SN;ASAS-SN
2459524.7048050105;16.11;0.108;ASAS-SN;g/ASAS-SN;ASAS-SN
2459524.706045101;15.978;0.097;ASAS-SN;g/ASAS-SN;ASAS-SN
2459524.7072851914;15.823;0.095;ASAS-SN;g/ASAS-SN;ASAS-SN
2459525.6817462365;15.954;0.093;ASAS-SN;g/ASAS-SN;ASAS-SN
2459525.682986328;16.012;0.088;ASAS-SN;g/ASAS-SN;ASAS-SN
2459525.6842264193;15.884;0.095;ASAS-SN;g/ASAS-SN;ASAS-SN
2459525.7233492974;15.867;0.074;ASAS-SN;g/ASAS-SN;ASAS-SN
2459525.7245993894;15.925;0.076;ASAS-SN;g/ASAS-SN;ASAS-SN
2459525.725809478;15.896;0.072;ASAS-SN;g/ASAS-SN;ASAS-SN
2459527.7278270754;15.871;0.078;ASAS-SN;g/ASAS-SN;ASAS-SN
2459527.7290671677;15.899;0.074;ASAS-SN;g/ASAS-SN;ASAS-SN
2459527.7303172606;15.97;0.081;ASAS-SN;g/ASAS-SN;ASAS-SN
2459528.6767577096;15.859;0.081;ASAS-SN;g/ASAS-SN;ASAS-SN
2459528.6779878023;15.963;0.078;ASAS-SN;g/ASAS-SN;ASAS-SN
2459528.679227896;15.815;0.066;ASAS-SN;g/ASAS-SN;ASAS-SN
2459529.2728920546;15.513;99.99;ASAS-SN;g/ASAS-SN;ASAS-SN
2459529.274132148;15.734;99.99;ASAS-SN;g/ASAS-SN;ASAS-SN
2459529.275402243;15.664;0.187;ASAS-SN;g/ASAS-SN;ASAS-SN
2459530.31621528;15.655506134033203;0.07040996448073215;Flarestar-MPC171_G2-1600, Stephen M. Brincat;V(SDSS);Flarestar-MPC171_G2-1600, Stephen M. Brincat
2459530.32120371;14.784524917602539;0.06905406768567605;Flarestar-MPC171_G2-1600, Stephen M. Brincat;I(SDSS);Flarestar-MPC171_G2-1600, Stephen M. Brincat
2459530.546398029;15.794;0.2;ASAS-SN;g/ASAS-SN;ASAS-SN
2459530.547638124;15.942;99.99;ASAS-SN;g/ASAS-SN;ASAS-SN
2459530.548878219;15.704;99.99;ASAS-SN;g/ASAS-SN;ASAS-SN
2459530.5619092137;15.621;0.18;ASAS-SN;g/ASAS-SN;ASAS-SN
2459530.5631393073;15.841;0.201;ASAS-SN;g/ASAS-SN;ASAS-SN
2459530.564369402;15.841;99.99;ASAS-SN;g/ASAS-SN;ASAS-SN
2459531.5476138354;15.757;99.99;ASAS-SN;g/ASAS-SN;ASAS-SN
2459531.548853931;15.696;99.99;ASAS-SN;g/ASAS-SN;ASAS-SN
2459531.6774137784;15.992;0.131;ASAS-SN;g/ASAS-SN;ASAS-SN
2459531.678673875;16.322;0.182;ASAS-SN;g/ASAS-SN;ASAS-SN
2459531.6799139697;16.024;0.137;ASAS-SN;g/ASAS-SN;ASAS-SN
2459532.5066567874;15.225;99.99;ASAS-SN;g/ASAS-SN;ASAS-SN
2459532.5078968825;15.307;99.99;ASAS-SN;g/ASAS-SN;ASAS-SN
2459532.528868501;15.833;99.99;ASAS-SN;g/ASAS-SN;ASAS-SN
2459532.5301586003;15.809;99.99;ASAS-SN;g/ASAS-SN;ASAS-SN
2459532.531438699;15.787;99.99;ASAS-SN;g/ASAS-SN;ASAS-SN
2459535.682410952;15.906;99.99;ASAS-SN;g/ASAS-SN;ASAS-SN
2459535.683681051;15.77;0.164;ASAS-SN;g/ASAS-SN;ASAS-SN
2459535.6849311483;15.853;99.99;ASAS-SN;g/ASAS-SN;ASAS-SN
2459535.6956019765;15.989;0.182;ASAS-SN;g/ASAS-SN;ASAS-SN
2459535.696862074;15.871;0.12;ASAS-SN;g/ASAS-SN;ASAS-SN
2459535.6981121716;16.276;0.179;ASAS-SN;g/ASAS-SN;ASAS-SN
2459536.3780787;14.749124526977539;0.06142321684039613;Flarestar-MPC171_G2-1600, Stephen M. Brincat;I(SDSS);Flarestar-MPC171_G2-1600, Stephen M. Brincat
2459537.627501965;15.502;99.99;ASAS-SN;g/ASAS-SN;ASAS-SN
2459537.6287820656;15.343;99.99;ASAS-SN;g/ASAS-SN;ASAS-SN
2459537.630022163;15.306;99.99;ASAS-SN;g/ASAS-SN;ASAS-SN
2459537.7916147816;16.034;0.191;ASAS-SN;g/ASAS-SN;ASAS-SN
2459537.7928948808;16.009;0.159;ASAS-SN;g/ASAS-SN;ASAS-SN
2459537.794144978;15.752;0.147;ASAS-SN;g/ASAS-SN;ASAS-SN
2459538.5170813003;15.607;99.99;ASAS-SN;g/ASAS-SN;ASAS-SN
2459538.5183714023;15.594;99.99;ASAS-SN;g/ASAS-SN;ASAS-SN
2459538.519681506;15.693;99.99;ASAS-SN;g/ASAS-SN;ASAS-SN
2459539.666051336;15.389;99.99;ASAS-SN;g/ASAS-SN;ASAS-SN
2459539.667281433;15.338;99.99;ASAS-SN;g/ASAS-SN;ASAS-SN
2459539.668551533;15.307;99.99;ASAS-SN;g/ASAS-SN;ASAS-SN
2459541.24068862;15.41340160369873;0.04722325726671876;HAO68_G2-1600, Przemek Mikolajczyk;r(APASS);HAO68_G2-1600, Przemek Mikolajczyk
2459541.24493056;16.376684188842773;0.0882280056540426;HAO68_G2-1600, Przemek Mikolajczyk;B(APASS);HAO68_G2-1600, Przemek Mikolajczyk
2459541.25339699;15.648337364196777;0.04208801884070455;HAO68_G2-1600, Przemek Mikolajczyk;V(APASS);HAO68_G2-1600, Przemek Mikolajczyk
2459541.25682288;15.167413711547852;0.07028023122815895;HAO68_G2-1600, Przemek Mikolajczyk;i(APASS);HAO68_G2-1600, Przemek Mikolajczyk
2459541.755505604;15.884;0.049;ASAS-SN;g/ASAS-SN;ASAS-SN
2459541.756775704;16.003;0.06;ASAS-SN;g/ASAS-SN;ASAS-SN
2459541.7580358037;15.816;0.055;ASAS-SN;g/ASAS-SN;ASAS-SN
2459541.7784474073;16.064;0.081;ASAS-SN;g/ASAS-SN;ASAS-SN
2459541.7797075068;15.878;0.072;ASAS-SN;g/ASAS-SN;ASAS-SN
2459541.7809676053;16.003;0.078;ASAS-SN;g/ASAS-SN;ASAS-SN
2459542.69030934;15.923;0.123;ASAS-SN;g/ASAS-SN;ASAS-SN
2459542.691539437;15.959;0.135;ASAS-SN;g/ASAS-SN;ASAS-SN
2459542.6927795354;15.91;0.14;ASAS-SN;g/ASAS-SN;ASAS-SN
2459543.7378021195;15.944;0.059;ASAS-SN;g/ASAS-SN;ASAS-SN
2459543.7390522184;15.799;0.052;ASAS-SN;g/ASAS-SN;ASAS-SN
2459543.740322319;16.004;0.066;ASAS-SN;g/ASAS-SN;ASAS-SN
2459544.768853722;16.051;0.063;ASAS-SN;g/ASAS-SN;ASAS-SN
2459544.7701238226;15.833;0.052;ASAS-SN;g/ASAS-SN;ASAS-SN
2459544.7714039236;15.884;0.053;ASAS-SN;g/ASAS-SN;ASAS-SN
2459545.65983;15.46;0.0;Gaia;G_Gaia;Gaia
2459555.27652926;15.639184951782227;0.05334315243688463;LOIANO1.52_BFOSC, Alessia Garofalo;V(APASS);LOIANO1.52_BFOSC, Alessia Garofalo
2459555.27833969;15.412670135498047;0.0885835802989563;LOIANO1.52_BFOSC, Alessia Garofalo;r(APASS);LOIANO1.52_BFOSC, Alessia Garofalo
2459555.28013237;15.124722480773926;0.09609810973531388;LOIANO1.52_BFOSC, Alessia Garofalo;i(APASS);LOIANO1.52_BFOSC, Alessia Garofalo
2459555.28195227;15.67186450958252;0.041328929536624794;LOIANO1.52_BFOSC, Alessia Garofalo;V(APASS);LOIANO1.52_BFOSC, Alessia Garofalo
2459555.28374412;15.477088928222656;0.05021706252330578;LOIANO1.52_BFOSC, Alessia Garofalo;r(APASS);LOIANO1.52_BFOSC, Alessia Garofalo
2459555.28553579;15.100996017456055;0.09389005852569407;LOIANO1.52_BFOSC, Alessia Garofalo;i(APASS);LOIANO1.52_BFOSC, Alessia Garofalo
2459555.28735705;15.61054801940918;0.04771874378378109;LOIANO1.52_BFOSC, Alessia Garofalo;V(APASS);LOIANO1.52_BFOSC, Alessia Garofalo
2459555.28914883;15.419695854187012;0.07032876074027469;LOIANO1.52_BFOSC, Alessia Garofalo;r(APASS);LOIANO1.52_BFOSC, Alessia Garofalo
2459555.290945;15.21348762512207;0.08837109721189958;LOIANO1.52_BFOSC, Alessia Garofalo;i(APASS);LOIANO1.52_BFOSC, Alessia Garofalo
2459555.29276917;15.65168571472168;0.054638339736326154;LOIANO1.52_BFOSC, Alessia Garofalo;V(APASS);LOIANO1.52_BFOSC, Alessia Garofalo
2459555.29456558;15.4132661819458;0.059138241287670645;LOIANO1.52_BFOSC, Alessia Garofalo;r(APASS);LOIANO1.52_BFOSC, Alessia Garofalo
2459555.29636084;15.10654354095459;0.10030201509161094;LOIANO1.52_BFOSC, Alessia Garofalo;i(APASS);LOIANO1.52_BFOSC, Alessia Garofalo
2459566.29567128;16.351871490478516;0.09271336370603314;HAO68_G2-1600, Jan Kare Trandem Qvam;B(APASS);HAO68_G2-1600, Jan Kare Trandem Qvam
2459566.29699069;15.643219947814941;0.07767369252377039;HAO68_G2-1600, Jan Kare Trandem Qvam;V(APASS);HAO68_G2-1600, Jan Kare Trandem Qvam
2459566.29831022;15.425189018249512;0.05361718357088046;HAO68_G2-1600, Jan Kare Trandem Qvam;r(APASS);HAO68_G2-1600, Jan Kare Trandem Qvam
2459611.24459487;15.900863647460938;0.0724760109616478;HAO68_G2-1600, Jan Kare Trandem Qvam;g(APASS);HAO68_G2-1600, Jan Kare Trandem Qvam
2459611.2471528;15.664422988891602;0.0549805892631405;HAO68_G2-1600, Jan Kare Trandem Qvam;V(APASS);HAO68_G2-1600, Jan Kare Trandem Qvam
2459611.2493403;15.411450386047363;0.05073645915219174;HAO68_G2-1600, Jan Kare Trandem Qvam;r(APASS);HAO68_G2-1600, Jan Kare Trandem Qvam
2459611.25560188;15.140260696411133;0.08681638369176219;HAO68_G2-1600, Jan Kare Trandem Qvam;i(APASS);HAO68_G2-1600, Jan Kare Trandem Qvam
2459619.24633104;15.94100284576416;0.10575477906058375;HAO68_G2-1600, Jan Kare Trandem Qvam;g(APASS);HAO68_G2-1600, Jan Kare Trandem Qvam
2459619.25437498;15.680179595947266;0.05123046174747429;HAO68_G2-1600, Jan Kare Trandem Qvam;V(APASS);HAO68_G2-1600, Jan Kare Trandem Qvam
2459619.25657409;15.430427551269531;0.058504850778964036;HAO68_G2-1600, Jan Kare Trandem Qvam;r(APASS);HAO68_G2-1600, Jan Kare Trandem Qvam
2459619.25877315;15.147421836853027;0.06133345358825079;HAO68_G2-1600, Jan Kare Trandem Qvam;i(APASS);HAO68_G2-1600, Jan Kare Trandem Qvam
